<Date>,<OPEN>,<HIGH>,<LOW>,<CLOSE>,<VOL>
05-08-2019 13:08,1142.05,1143.6,1142.05,1143,20805
05-08-2019 13:09,1143.05,1143.6,1142.2,1143.3,13932
05-08-2019 13:10,1143.5,1144.15,1143.5,1143.9,12235
05-08-2019 13:11,1143.9,1144.45,1143.55,1143.55,10409
05-08-2019 13:12,1143.95,1144.2,1143.55,1143.8,10854
05-08-2019 13:13,1143.8,1144.95,1143.8,1144.85,21028
05-08-2019 13:14,1144.85,1144.9,1143.2,1143.55,17735
05-08-2019 13:15,1143.55,1144,1143.4,1143.4,11111
05-08-2019 13:16,1143.75,1145.7,1143.75,1145.7,19659
05-08-2019 13:17,1145.7,1145.9,1144.2,1144.55,16246
05-08-2019 13:18,1144.85,1145.25,1144.15,1144.45,13335
05-08-2019 13:19,1144.5,1144.5,1144,1144.3,12840
05-08-2019 13:20,1144.45,1144.8,1143.9,1144.45,17121
05-08-2019 13:21,1144.55,1146,1144.45,1145.85,22959
05-08-2019 13:22,1145.95,1146,1145,1145.95,28494
05-08-2019 13:23,1145.95,1146.1,1144.75,1145.5,19645
05-08-2019 13:24,1145.55,1145.8,1145,1145.2,16348
05-08-2019 13:25,1145.25,1146.1,1145.2,1145.75,23237
05-08-2019 13:26,1146,1146.2,1144.95,1144.95,19695
05-08-2019 13:27,1144.55,1145.75,1144.55,1144.7,18429
05-08-2019 13:28,1144.65,1146.9,1144.6,1146.9,21486
05-08-2019 13:29,1146.9,1147.85,1146.8,1147.65,32219
05-08-2019 13:30,1147.8,1147.95,1145.75,1147.15,34785
05-08-2019 13:31,1147.2,1147.6,1146.3,1147.1,22517
05-08-2019 13:32,1147.05,1147.05,1146.1,1146.35,14719
05-08-2019 13:33,1146.3,1146.75,1145.75,1146.4,15108
05-08-2019 13:34,1146.55,1146.95,1146.1,1146.25,21715
05-08-2019 13:35,1146.4,1146.5,1146.2,1146.45,17445
05-08-2019 13:36,1146.4,1146.8,1143.6,1144.2,35407
05-08-2019 13:37,1144.2,1144.8,1142.5,1142.55,29172
05-08-2019 13:38,1142.55,1143.5,1142.05,1142.8,24504
05-08-2019 13:39,1143.25,1143.5,1142.15,1142.45,39008
05-08-2019 13:40,1143.3,1143.3,1142.55,1143.3,28263
05-08-2019 13:41,1143.1,1143.9,1143,1143.85,24996
05-08-2019 13:42,1143.95,1144.25,1143.1,1143.85,30055
05-08-2019 13:43,1143.9,1144.65,1143.5,1144.3,25849
05-08-2019 13:44,1144.1,1144.65,1143.25,1143.5,28382
05-08-2019 13:45,1143.25,1144,1143.05,1143.05,32583
05-08-2019 13:46,1143.3,1143.45,1141,1141.1,52104
05-08-2019 13:47,1141.15,1142.8,1141,1142.55,35330
05-08-2019 13:48,1142.7,1142.95,1141.8,1142.8,44313
05-08-2019 13:49,1142.6,1143.25,1142.05,1142.05,41835
05-08-2019 13:50,1142,1142.3,1141.05,1141.05,40896
05-08-2019 13:51,1141.15,1141.95,1141,1141.3,23223
05-08-2019 13:52,1141.5,1142.5,1141.25,1141.85,21086
05-08-2019 13:53,1142,1142.05,1141.2,1141.65,18516
05-08-2019 13:54,1141.65,1141.95,1138.5,1139.55,63669
05-08-2019 13:55,1139.55,1140.05,1139.05,1139.9,32812
05-08-2019 13:56,1140,1141,1139.6,1139.85,31013
05-08-2019 13:57,1139.8,1140.5,1139.25,1140.45,19706
05-08-2019 13:58,1140.6,1142.2,1140.6,1142,19564
05-08-2019 13:59,1142.25,1142.25,1141.7,1142.1,27622
05-08-2019 14:00,1142.25,1142.9,1140,1140.1,31630
05-08-2019 14:01,1140.25,1142.75,1140.05,1142.45,24109
05-08-2019 14:02,1142.5,1144.7,1142.45,1144.05,41721
05-08-2019 14:03,1144.15,1145.75,1144.15,1145.5,32400
05-08-2019 14:04,1145.25,1145.45,1144.45,1145.05,15633
05-08-2019 14:05,1145.05,1145.05,1144.4,1144.4,24021
05-08-2019 14:06,1143.95,1145.45,1143.3,1145.25,30966
05-08-2019 14:07,1145.25,1145.9,1145.25,1145.85,14850
05-08-2019 14:08,1145.9,1146.25,1145.25,1145.8,23563
05-08-2019 14:09,1145.85,1147.05,1145.5,1147,43060
05-08-2019 14:10,1146.95,1147.45,1146.55,1147,24095
05-08-2019 14:11,1147.05,1147.3,1145.55,1145.6,17381
05-08-2019 14:12,1145.65,1147.2,1145.55,1146.8,17617
05-08-2019 14:13,1146.8,1146.8,1145.55,1146.05,21418
05-08-2019 14:14,1146.05,1146.4,1144.3,1146.1,19819
05-08-2019 14:15,1145.95,1147,1145.8,1147,27910
05-08-2019 14:16,1146.9,1147.8,1146.55,1147.8,32988
05-08-2019 14:17,1147.55,1148.5,1146.9,1147.2,34307
05-08-2019 14:18,1147.2,1147.5,1146.05,1146.1,22460
05-08-2019 14:19,1146.25,1147.4,1146.1,1147.35,15486
05-08-2019 14:20,1147.15,1147.65,1146,1147.5,24401
05-08-2019 14:21,1147.65,1148.05,1146.45,1147.9,23601
05-08-2019 14:22,1148,1148.25,1147.45,1147.65,26976
05-08-2019 14:23,1147.65,1147.75,1145.2,1147.1,27255
05-08-2019 14:24,1147.15,1147.9,1147,1147.55,13998
05-08-2019 14:25,1147.7,1147.9,1147.1,1147.7,19738
05-08-2019 14:26,1147.8,1147.95,1145.95,1146.1,29675
05-08-2019 14:27,1146.3,1147.75,1146,1147,20411
05-08-2019 14:28,1147,1147,1146.1,1147,22416
05-08-2019 14:29,1147,1147,1146.2,1146.85,12014
05-08-2019 14:30,1146.55,1147,1145.15,1145.2,28662
05-08-2019 14:31,1145.4,1146,1144.85,1145.4,19548
05-08-2019 14:32,1145.6,1145.6,1143,1143.05,33816
05-08-2019 14:33,1143.05,1145.3,1143.05,1144.95,29589
05-08-2019 14:34,1144.9,1144.9,1143.3,1144.4,21496
05-08-2019 14:35,1144.45,1145.45,1143.55,1145.05,21331
05-08-2019 14:36,1145.05,1145.95,1145.05,1145.4,15604
05-08-2019 14:37,1145.5,1145.85,1145.4,1145.8,14552
05-08-2019 14:38,1145.8,1147.1,1145.8,1146.85,23892
05-08-2019 14:39,1146.8,1148,1146.8,1147.55,34010
05-08-2019 14:40,1147.8,1147.95,1147.5,1147.9,18784
05-08-2019 14:41,1147.95,1148.25,1147.65,1147.75,24269
05-08-2019 14:42,1147.8,1148,1147.6,1148,15719
05-08-2019 14:43,1148,1149.4,1147.75,1148.7,57261
05-08-2019 14:44,1148.35,1149.25,1148.35,1149,18582
05-08-2019 14:45,1149.3,1150.9,1147.3,1147.9,131307
05-08-2019 14:46,1147.9,1147.9,1145.85,1145.85,27393
05-08-2019 14:47,1145.45,1147,1145.45,1146.35,17394
05-08-2019 14:48,1146.45,1146.85,1145.8,1146.6,16338
05-08-2019 14:49,1146.65,1147.4,1146.15,1146.85,20628
05-08-2019 14:50,1146.8,1147.75,1145.75,1147.75,21289
05-08-2019 14:51,1147.75,1148,1146.85,1147.3,13735
05-08-2019 14:52,1147.5,1147.65,1146,1147,11630
05-08-2019 14:53,1147,1147.25,1145.95,1146,15020
05-08-2019 14:54,1146.25,1146.95,1146.2,1146.9,12058
05-08-2019 14:55,1147,1147,1145,1145.2,22914
05-08-2019 14:56,1145.2,1145.35,1143.25,1144,37268
05-08-2019 14:57,1143.95,1144.05,1143,1143.4,24857
05-08-2019 14:58,1143.1,1144.6,1143,1143.9,19047
05-08-2019 14:59,1143.75,1145.2,1143.05,1143.1,21211
05-08-2019 15:00,1143.1,1145.35,1143.1,1144.8,36168
05-08-2019 15:01,1144.95,1145.8,1143.45,1143.9,47583
05-08-2019 15:02,1143.9,1145.2,1143.7,1143.95,60547
05-08-2019 15:03,1143.9,1144.3,1143.3,1143.6,34936
05-08-2019 15:04,1143.5,1144.25,1143.2,1143.8,34741
05-08-2019 15:05,1143.8,1144,1143,1143.45,47166
05-08-2019 15:06,1143.5,1143.95,1143.25,1143.3,31895
05-08-2019 15:07,1143.3,1144,1143,1144,40529
05-08-2019 15:08,1144,1144,1143.45,1143.95,34569
05-08-2019 15:09,1143.95,1144.4,1143.85,1144.35,34255
05-08-2019 15:10,1144.4,1144.45,1143,1143.15,54903
05-08-2019 15:11,1143.2,1143.5,1143,1143.05,45011
05-08-2019 15:12,1143.1,1144.05,1143.05,1144,63276
05-08-2019 15:13,1143.9,1144,1143.25,1143.3,41949
05-08-2019 15:14,1143.3,1143.4,1141.8,1142.55,66671
05-08-2019 15:15,1142.75,1143.5,1141.8,1141.8,106448
05-08-2019 15:16,1142.45,1142.5,1141.5,1142.4,74562
05-08-2019 15:17,1142.65,1144.4,1142.65,1144.2,60320
05-08-2019 15:18,1144,1144.5,1143,1144.1,94014
05-08-2019 15:19,1144.1,1144.5,1144,1144.05,60717
05-08-2019 15:20,1144.1,1144.65,1144,1144.1,82475
05-08-2019 15:21,1144.1,1145.15,1144,1145,80260
05-08-2019 15:22,1145.1,1145.45,1143.2,1143.85,54378
05-08-2019 15:23,1142.7,1143.3,1142.2,1142.35,43542
05-08-2019 15:24,1142.35,1142.5,1141,1141.05,41868
05-08-2019 15:25,1141.2,1141.5,1140.45,1140.8,45970
05-08-2019 15:26,1140.8,1143.05,1140.5,1143.05,50247
05-08-2019 15:27,1143.2,1143.45,1142,1142.15,27405
05-08-2019 15:28,1142.25,1142.6,1142,1142,32753
05-08-2019 15:29,1142,1142,1140,1140.15,36774
06-08-2019 09:15,1134.75,1138.7,1132.75,1138.35,245998
06-08-2019 09:16,1138.35,1138.35,1133.85,1136.6,176197
06-08-2019 09:17,1135.85,1141,1135.85,1140.7,121428
06-08-2019 09:18,1140.7,1141.6,1138.2,1141.25,116343
06-08-2019 09:19,1141.7,1143.65,1140.75,1143.3,84663
06-08-2019 09:20,1143.4,1145.35,1143,1144.05,96622
06-08-2019 09:21,1144.55,1146.7,1143.95,1146,99349
06-08-2019 09:22,1145.9,1149.5,1144.8,1148.7,81165
06-08-2019 09:23,1148.7,1148.9,1147.2,1148.1,93064
06-08-2019 09:24,1148.65,1148.65,1146.4,1147.3,125924
06-08-2019 09:25,1147.55,1149.2,1145.6,1145.6,129423
06-08-2019 09:26,1145.65,1145.95,1145,1145.8,74656
06-08-2019 09:27,1145.8,1147,1144.85,1145,177123
06-08-2019 09:28,1145,1146.8,1144.8,1146.65,48272
06-08-2019 09:29,1146.5,1146.8,1145.5,1146.8,37174
06-08-2019 09:30,1147.5,1147.75,1146.2,1147.75,51326
06-08-2019 09:31,1147.4,1147.75,1145.85,1146.05,39789
06-08-2019 09:32,1146.05,1146.25,1145.45,1146.25,38908
06-08-2019 09:33,1146.2,1146.3,1145.45,1146.15,125994
06-08-2019 09:34,1146.15,1146.15,1142.1,1142.5,195236
06-08-2019 09:35,1142,1143,1140.1,1142.55,79402
06-08-2019 09:36,1142.85,1144.75,1142.5,1144,44393
06-08-2019 09:37,1144.4,1144.65,1143,1143.3,46476
06-08-2019 09:38,1143.45,1145.5,1143.4,1144.35,45495
06-08-2019 09:39,1144.5,1145,1144.35,1144.95,252246
06-08-2019 09:40,1144.5,1144.95,1144.15,1144.25,27019
06-08-2019 09:41,1144.15,1144.3,1144.15,1144.15,25723
06-08-2019 09:42,1144.3,1144.9,1144.15,1144.45,25499
06-08-2019 09:43,1144.3,1144.45,1142.8,1142.9,70338
06-08-2019 09:44,1142.5,1142.65,1141.5,1141.55,24352
06-08-2019 09:45,1141.55,1141.6,1140.75,1141.2,27893
06-08-2019 09:46,1141.25,1142,1140.9,1141.5,31658
06-08-2019 09:47,1141.35,1142.8,1141,1142.45,332179
06-08-2019 09:48,1142,1142.25,1141,1141,24459
06-08-2019 09:49,1141.05,1141.35,1140.3,1140.3,31022
06-08-2019 09:50,1140.45,1141,1139.15,1140.3,47704
06-08-2019 09:51,1140.6,1141.25,1139.7,1141,30138
06-08-2019 09:52,1141.25,1141.5,1140.35,1141.1,35949
06-08-2019 09:53,1141.1,1142,1141.1,1141.3,22229
06-08-2019 09:54,1141.45,1141.5,1140,1140.75,28463
06-08-2019 09:55,1140.5,1140.8,1139.6,1139.65,17643
06-08-2019 09:56,1139.75,1139.75,1138.4,1138.95,34997
06-08-2019 09:57,1139,1139.15,1138.5,1139.05,17140
06-08-2019 09:58,1139,1139.8,1138.5,1139.4,21407
06-08-2019 09:59,1139.4,1139.8,1139.3,1139.7,17752
06-08-2019 10:00,1139.7,1139.7,1136.95,1136.95,37776
06-08-2019 10:01,1136.9,1136.9,1136,1136.3,45725
06-08-2019 10:02,1136.45,1137.2,1136,1136,26756
06-08-2019 10:03,1136.35,1137.5,1136,1137.2,25191
06-08-2019 10:04,1137.45,1138,1136.7,1137.9,222301
06-08-2019 10:05,1137.9,1138.2,1137.7,1138.2,13152
06-08-2019 10:06,1138.2,1139.8,1138.05,1139.15,29886
06-08-2019 10:07,1139.4,1141.35,1139.4,1141,28567
06-08-2019 10:08,1141,1141,1139.5,1139.5,531099
06-08-2019 10:09,1139.65,1140.35,1139.5,1140.35,17777
06-08-2019 10:10,1140.5,1141.05,1140.1,1140.7,27833
06-08-2019 10:11,1140.9,1141,1140.35,1140.95,14626
06-08-2019 10:12,1140.95,1141,1139,1139,76647
06-08-2019 10:13,1139,1139.25,1137.65,1138.25,31901
06-08-2019 10:14,1138.3,1138.45,1137.5,1138,27526
06-08-2019 10:15,1137.8,1138.05,1137.5,1137.55,221889
06-08-2019 10:16,1137.55,1137.55,1136.1,1136.55,36691
06-08-2019 10:17,1136.75,1138,1136.3,1137,21463
06-08-2019 10:18,1137,1137.4,1136.4,1137.2,15631
06-08-2019 10:19,1137.4,1137.4,1136,1136.3,16519
06-08-2019 10:20,1136.3,1137.5,1136,1137.5,34137
06-08-2019 10:21,1137.5,1138.55,1137.05,1137.3,26447
06-08-2019 10:22,1137.3,1137.75,1136.65,1137.55,11762
06-08-2019 10:23,1137.75,1137.8,1137,1137.7,16505
06-08-2019 10:24,1137.6,1138.6,1136.25,1136.25,42046
06-08-2019 10:25,1136,1136.85,1135.1,1136.1,35178
06-08-2019 10:26,1136.1,1136.6,1136,1136.6,20858
06-08-2019 10:27,1136.6,1138,1136.6,1137.7,96563
06-08-2019 10:28,1137.85,1137.85,1137,1137.6,7859
06-08-2019 10:29,1137.7,1138.75,1137.5,1138.75,19433
06-08-2019 10:30,1138.8,1140.2,1138.8,1139.95,40962
06-08-2019 10:31,1140,1140,1139.3,1139.65,8165
06-08-2019 10:32,1139.55,1140.85,1139.2,1140.15,25489
06-08-2019 10:33,1140.25,1141,1139.65,1140.4,24689
06-08-2019 10:34,1140.4,1140.75,1140,1140.35,12652
06-08-2019 10:35,1140.25,1140.35,1140,1140.05,14760
06-08-2019 10:36,1140.05,1141,1140,1140.85,27699
06-08-2019 10:37,1141,1141,1140.25,1140.35,6992
06-08-2019 10:38,1140.25,1140.25,1138.95,1139.05,34552
06-08-2019 10:39,1138.4,1139.9,1138,1139.55,13733
06-08-2019 10:40,1139.6,1140.45,1139.45,1140.25,13179
06-08-2019 10:41,1139.9,1140.4,1139.75,1140.15,11324
06-08-2019 10:42,1140.1,1140.15,1139.5,1139.85,6871
06-08-2019 10:43,1139.8,1139.8,1138.1,1138.3,9888
06-08-2019 10:44,1138.35,1138.85,1138.2,1138.65,25786
06-08-2019 10:45,1138.65,1138.9,1138.6,1138.7,20291
06-08-2019 10:46,1138.65,1139.2,1138.6,1139.05,11221
06-08-2019 10:47,1139.2,1139.45,1139.1,1139.15,3968
06-08-2019 10:48,1139.2,1139.2,1138.05,1138.8,12412
06-08-2019 10:49,1138.5,1138.9,1138.5,1138.9,9135
06-08-2019 10:50,1139,1139.4,1139,1139.3,8581
06-08-2019 10:51,1139.15,1139.3,1139.15,1139.25,4528
06-08-2019 10:52,1139.3,1139.7,1139.25,1139.6,9189
06-08-2019 10:53,1139.6,1140,1139.6,1139.8,5515
06-08-2019 10:54,1139.8,1139.85,1139.6,1139.75,6613
06-08-2019 10:55,1139.8,1139.8,1139.3,1139.5,8129
06-08-2019 10:56,1139.5,1139.55,1139.25,1139.25,7228
06-08-2019 10:57,1139.35,1139.45,1139.1,1139.15,7202
06-08-2019 10:58,1139.1,1139.25,1139.1,1139.2,9612
06-08-2019 10:59,1139.25,1139.3,1139.1,1139.1,5497
06-08-2019 11:00,1139.15,1139.15,1138.9,1138.9,8567
06-08-2019 11:01,1138.85,1138.85,1137.05,1137.1,14561
06-08-2019 11:02,1137.1,1138,1137,1137.75,15664
06-08-2019 11:03,1137.7,1138,1137.55,1137.55,10687
06-08-2019 11:04,1137.55,1137.7,1137.5,1137.7,8733
06-08-2019 11:05,1137.6,1137.7,1136.05,1136.2,21685
06-08-2019 11:06,1136.2,1137.75,1136,1137.3,24382
06-08-2019 11:07,1137.5,1137.5,1136.7,1136.8,8516
06-08-2019 11:08,1136.85,1136.85,1136.55,1136.75,9689
06-08-2019 11:09,1136.7,1136.8,1136.2,1136.25,9320
06-08-2019 11:10,1136.1,1136.15,1135.35,1135.8,22998
06-08-2019 11:11,1135.85,1135.95,1135.25,1135.3,19233
06-08-2019 11:12,1135.45,1135.6,1135.35,1135.5,13595
06-08-2019 11:13,1135.35,1135.5,1135.2,1135.2,19379
06-08-2019 11:14,1135.2,1135.35,1133.85,1134.3,82726
06-08-2019 11:15,1134.35,1134.9,1134.35,1134.55,44811
06-08-2019 11:16,1134.55,1134.55,1133.95,1134.45,24649
06-08-2019 11:17,1134.45,1134.5,1132.2,1133.3,46020
06-08-2019 11:18,1133.5,1134.2,1133.3,1134.2,13689
06-08-2019 11:19,1133.95,1135.45,1133.95,1134.9,20675
06-08-2019 11:20,1135,1136.4,1134.2,1135,267946
06-08-2019 11:21,1135.05,1136.8,1135,1136.55,10172
06-08-2019 11:22,1136.8,1137.3,1136.6,1136.8,17182
06-08-2019 11:23,1136.8,1136.85,1136,1136.1,12204
06-08-2019 11:24,1136.3,1136.3,1135.4,1135.5,9546
06-08-2019 11:25,1135.5,1135.9,1135.35,1135.75,12111
06-08-2019 11:26,1135.8,1136,1135,1135.5,16248
06-08-2019 11:27,1135.65,1136.25,1135.2,1136.15,8619
06-08-2019 11:28,1136.25,1136.55,1136.25,1136.5,6997
06-08-2019 11:29,1136.5,1136.65,1136.4,1136.6,6626
06-08-2019 11:30,1136.65,1136.65,1135.4,1135.7,12348
06-08-2019 11:31,1135.85,1136.8,1135.6,1136.75,11636
06-08-2019 11:32,1136.6,1136.8,1136.6,1136.6,7840
06-08-2019 11:33,1136.75,1137.2,1136.5,1137.2,13830
06-08-2019 11:34,1137.45,1137.5,1137.1,1137.1,5548
06-08-2019 11:35,1137.1,1137.2,1136.15,1136.2,8221
06-08-2019 11:36,1136.2,1137,1136.05,1136.75,8569
06-08-2019 11:37,1136.75,1138.05,1136.75,1137.5,15059
06-08-2019 11:38,1137.5,1137.55,1136.95,1137.2,9936
06-08-2019 11:39,1137.25,1137.75,1136.55,1136.65,10564
06-08-2019 11:40,1136.8,1137,1136.75,1136.8,8580
06-08-2019 11:41,1136.85,1137.4,1136.7,1137.3,10059
06-08-2019 11:42,1137.25,1137.4,1136.85,1137.05,8223
06-08-2019 11:43,1137.05,1137.1,1136.8,1137,15853
06-08-2019 11:44,1137,1137.05,1136.65,1136.65,9068
06-08-2019 11:45,1136.75,1137.4,1136.75,1137.1,22199
06-08-2019 11:46,1137.15,1137.15,1135.65,1135.7,14122
06-08-2019 11:47,1135.75,1136.85,1135.65,1136.35,8269
06-08-2019 11:48,1136.1,1136.2,1136,1136.15,10268
06-08-2019 11:49,1136.1,1136.2,1136,1136.15,8018
06-08-2019 11:50,1136.15,1137.55,1135.85,1137.5,19548
06-08-2019 11:51,1137.55,1138.05,1137.5,1138.05,20998
06-08-2019 11:52,1138.05,1138.15,1138,1138.1,17927
06-08-2019 11:53,1138.15,1138.9,1137.85,1137.95,40721
06-08-2019 11:54,1138,1138.2,1137.8,1138.15,12623
06-08-2019 11:55,1138.1,1138.7,1138.05,1138.05,11368
06-08-2019 11:56,1138.25,1138.25,1137.75,1138,18801
06-08-2019 11:57,1137.9,1138,1137.3,1137.55,11934
06-08-2019 11:58,1137.6,1137.6,1137.35,1137.35,6237
06-08-2019 11:59,1137.35,1137.4,1135.85,1136.3,18461
06-08-2019 12:00,1136.4,1137.4,1136.25,1137.05,9079
06-08-2019 12:01,1137.1,1137.25,1136.8,1136.8,7180
06-08-2019 12:02,1136.9,1137.35,1136.8,1137.3,10761
06-08-2019 12:03,1137.25,1137.35,1136.7,1136.85,11035
06-08-2019 12:04,1136.9,1137,1136.35,1136.8,8311
06-08-2019 12:05,1136.8,1138.65,1136.8,1138.15,16799
06-08-2019 12:06,1138.35,1138.8,1138.15,1138.65,10600
06-08-2019 12:07,1138.65,1138.7,1138.05,1138.15,12340
06-08-2019 12:08,1138.15,1138.2,1137.45,1137.7,9157
06-08-2019 12:09,1137.45,1137.5,1136.5,1137,14826
06-08-2019 12:10,1136.95,1137.6,1136.9,1137.3,12070
06-08-2019 12:11,1137.55,1137.55,1136.95,1136.95,11256
06-08-2019 12:12,1137,1137.15,1136.25,1136.45,14655
06-08-2019 12:13,1136.4,1136.7,1136.05,1136.5,18453
06-08-2019 12:14,1136.5,1136.6,1136.2,1136.2,8952
06-08-2019 12:15,1136,1136.05,1135.35,1135.35,21162
06-08-2019 12:16,1135.4,1135.4,1135.05,1135.2,27404
06-08-2019 12:17,1135.15,1135.95,1135.15,1135.25,11263
06-08-2019 12:18,1135.3,1135.3,1134.5,1134.7,21095
06-08-2019 12:19,1134.75,1135.8,1134.75,1135.7,12306
06-08-2019 12:20,1135.75,1136,1135.3,1135.3,20063
06-08-2019 12:21,1135.25,1135.85,1135.05,1135.7,12518
06-08-2019 12:22,1135.7,1136.3,1135.5,1135.55,12279
06-08-2019 12:23,1135.6,1136.85,1135.6,1136.5,20355
06-08-2019 12:24,1136.35,1136.65,1135.35,1135.5,15580
06-08-2019 12:25,1135.45,1135.45,1135.05,1135.3,14552
06-08-2019 12:26,1135.2,1135.25,1134.8,1134.95,23869
06-08-2019 12:27,1134.95,1135.05,1134.75,1135,13909
06-08-2019 12:28,1134.95,1135,1134.25,1134.25,18910
06-08-2019 12:29,1134.4,1134.4,1133.55,1133.8,22880
06-08-2019 12:30,1133.8,1133.85,1132.9,1133,51272
06-08-2019 12:31,1133.05,1133.4,1131.55,1132.8,77069
06-08-2019 12:32,1132.7,1133.05,1132.4,1132.75,32320
06-08-2019 12:33,1132.7,1133.75,1132.7,1133.5,18921
06-08-2019 12:34,1133.5,1133.5,1133,1133.5,21771
06-08-2019 12:35,1133.5,1133.5,1133.3,1133.3,20192
06-08-2019 12:36,1133.15,1133.35,1133,1133,38530
06-08-2019 12:37,1132.8,1133,1132.4,1132.55,14310
06-08-2019 12:38,1132.5,1133,1131.5,1131.55,21466
06-08-2019 12:39,1131.55,1132.5,1130.75,1132.4,40427
06-08-2019 12:40,1132.35,1132.55,1130.9,1131.05,50789
06-08-2019 12:41,1131.05,1131.8,1131,1131.3,215709
06-08-2019 12:42,1131.3,1131.3,1130.7,1130.75,22400
06-08-2019 12:43,1131,1131.5,1130.8,1131.5,19181
06-08-2019 12:44,1131.55,1132.5,1131.35,1132.4,25726
06-08-2019 12:45,1132.5,1132.55,1131.35,1132.05,35825
06-08-2019 12:46,1132.4,1133.7,1132.15,1132.95,33055
06-08-2019 12:47,1132.85,1133.1,1132.85,1132.95,24882
06-08-2019 12:48,1132.9,1133,1132.8,1132.85,29175
06-08-2019 12:49,1133,1134,1132.75,1133.9,21778
06-08-2019 12:50,1134,1134,1133.25,1133.35,23515
06-08-2019 12:51,1133.2,1133.5,1132.85,1133.25,22862
06-08-2019 12:52,1133,1133.3,1133,1133.3,25356
06-08-2019 12:53,1133.25,1134,1133.2,1133.95,18829
06-08-2019 12:54,1133.8,1134.4,1133.8,1134.4,15022
06-08-2019 12:55,1134.4,1135.3,1134.3,1135,24464
06-08-2019 12:56,1134.9,1135.5,1134.5,1135.5,27563
06-08-2019 12:57,1135.5,1137.05,1135.5,1136.5,71816
06-08-2019 12:58,1136.45,1136.75,1134.8,1134.8,62797
06-08-2019 12:59,1134.6,1134.85,1132.9,1132.9,32324
06-08-2019 13:00,1132.95,1132.95,1132,1132.3,35074
06-08-2019 13:01,1132.2,1132.5,1131.55,1131.55,42936
06-08-2019 13:02,1131.55,1132,1131.05,1131.8,37275
06-08-2019 13:03,1131.7,1131.8,1131,1131.4,32837
06-08-2019 13:04,1131.4,1132,1131.2,1131.65,13987
06-08-2019 13:05,1131.7,1131.7,1130.2,1130.35,35514
06-08-2019 13:06,1130.85,1131.5,1130.3,1131.3,22597
06-08-2019 13:07,1131.4,1132.15,1131.3,1131.5,15435
06-08-2019 13:08,1131.6,1132.3,1131.45,1132.1,10226
06-08-2019 13:09,1132.05,1132.8,1132.05,1132.45,9161
06-08-2019 13:10,1132.5,1133.85,1132,1132.95,19970
06-08-2019 13:11,1133,1133.95,1132.75,1132.75,17268
06-08-2019 13:12,1132.9,1132.9,1131.55,1131.65,10894
06-08-2019 13:13,1132,1132,1131.25,1131.25,14863
06-08-2019 13:14,1131.25,1132.7,1130.55,1132.3,32539
06-08-2019 13:15,1132.35,1133.2,1132.05,1133.2,12899
06-08-2019 13:16,1133.25,1133.25,1132.55,1133,22634
06-08-2019 13:17,1133.05,1133.5,1132.5,1133.25,29258
06-08-2019 13:18,1133.05,1133.7,1133,1133.55,15449
06-08-2019 13:19,1133.55,1133.8,1133.2,1133.7,23079
06-08-2019 13:20,1133.75,1134.45,1133.75,1134.45,19090
06-08-2019 13:21,1134.45,1135.4,1134.45,1135,34393
06-08-2019 13:22,1135.05,1135.05,1134,1134.05,26914
06-08-2019 13:23,1134.05,1135.85,1134.05,1135.8,32712
06-08-2019 13:24,1135.85,1136.3,1135.85,1136.05,29672
06-08-2019 13:25,1136,1136.5,1136,1136.15,26566
06-08-2019 13:26,1136.25,1136.5,1136.1,1136.35,16890
06-08-2019 13:27,1136.35,1136.9,1135.75,1136.55,30802
06-08-2019 13:28,1136.6,1136.75,1136.25,1136.35,26036
06-08-2019 13:29,1136.35,1136.5,1135.75,1136,13687
06-08-2019 13:30,1136.05,1136.3,1135.8,1136.3,21939
06-08-2019 13:31,1136.25,1136.25,1135.8,1136,21925
06-08-2019 13:32,1136,1136,1134.5,1134.5,18671
06-08-2019 13:33,1134.55,1134.7,1134.25,1134.55,29260
06-08-2019 13:34,1134.5,1134.65,1134.5,1134.65,22212
06-08-2019 13:35,1134.65,1134.65,1134.05,1134.1,15732
06-08-2019 13:36,1134.05,1134.1,1133,1133.15,25542
06-08-2019 13:37,1133.1,1133.25,1133,1133.05,10207
06-08-2019 13:38,1133.1,1133.75,1133,1133.75,20621
06-08-2019 13:39,1133.75,1135.7,1133.7,1135.4,16809
06-08-2019 13:40,1135.35,1135.5,1135.2,1135.2,12217
06-08-2019 13:41,1135.2,1135.25,1134.85,1134.9,10086
06-08-2019 13:42,1134.85,1134.9,1134.05,1134.1,8923
06-08-2019 13:43,1134.15,1134.3,1134.1,1134.3,13432
06-08-2019 13:44,1134.25,1134.3,1134.2,1134.25,9522
06-08-2019 13:45,1134.2,1134.25,1133.8,1133.85,13581
06-08-2019 13:46,1133.85,1134,1133.8,1134,13013
06-08-2019 13:47,1134,1135,1134,1134.9,13743
06-08-2019 13:48,1134.95,1135.05,1134.9,1134.9,10485
06-08-2019 13:49,1134.95,1135,1134.75,1134.9,11063
06-08-2019 13:50,1134.9,1134.9,1134.65,1134.75,7403
06-08-2019 13:51,1134.75,1134.85,1134.5,1134.55,8682
06-08-2019 13:52,1134.55,1134.65,1134.5,1134.6,19043
06-08-2019 13:53,1134.6,1136,1134.6,1135.9,14885
06-08-2019 13:54,1135.9,1136.2,1135.75,1136.1,18928
06-08-2019 13:55,1136.15,1136.35,1135.4,1135.4,15509
06-08-2019 13:56,1135.5,1135.55,1135.15,1135.55,13342
06-08-2019 13:57,1135.55,1136.1,1135.55,1135.85,7381
06-08-2019 13:58,1135.85,1137,1135.75,1136.7,68848
06-08-2019 13:59,1136.5,1136.7,1136,1136.05,15208
06-08-2019 14:00,1136.2,1137.5,1136.1,1137.5,41158
06-08-2019 14:01,1137.2,1137.8,1136.85,1136.85,22444
06-08-2019 14:02,1136.9,1136.95,1136.6,1136.6,22512
06-08-2019 14:03,1136.5,1136.55,1136,1136.2,17055
06-08-2019 14:04,1136.2,1136.25,1135.4,1135.4,20277
06-08-2019 14:05,1135.5,1135.6,1135.4,1135.4,17837
06-08-2019 14:06,1135.4,1136.95,1135.35,1136.95,30068
06-08-2019 14:07,1136.95,1138,1136.9,1137.5,45194
06-08-2019 14:08,1137.45,1138,1137.05,1137.45,63370
06-08-2019 14:09,1137.35,1138.25,1137.35,1137.85,40323
06-08-2019 14:10,1137.85,1137.95,1137.3,1137.3,17044
06-08-2019 14:11,1137.4,1137.5,1136.5,1136.55,30938
06-08-2019 14:12,1136.35,1136.6,1136.05,1136.5,21362
06-08-2019 14:13,1136.55,1138,1136.5,1137.8,29516
06-08-2019 14:14,1137.85,1138.25,1137.25,1138.25,29952
06-08-2019 14:15,1138.25,1139,1138,1138.5,38405
06-08-2019 14:16,1138.55,1139.9,1138.5,1139.55,56267
06-08-2019 14:17,1139.55,1139.7,1138.9,1138.95,30463
06-08-2019 14:18,1138.95,1139,1138.5,1138.8,19807
06-08-2019 14:19,1138.8,1139.55,1138.8,1139.45,33242
06-08-2019 14:20,1139.45,1140.85,1139.15,1140.8,66615
06-08-2019 14:21,1140.75,1141,1140.1,1140.75,55976
06-08-2019 14:22,1140.65,1142,1140.65,1141.45,74479
06-08-2019 14:23,1141.4,1141.45,1140,1140.3,39484
06-08-2019 14:24,1140.35,1141.1,1140.05,1141.1,29893
06-08-2019 14:25,1141.05,1142,1141,1141.35,56743
06-08-2019 14:26,1141.35,1142.8,1141.25,1142.6,37605
06-08-2019 14:27,1142.5,1142.85,1141.5,1142.2,45108
06-08-2019 14:28,1142.8,1143,1142.5,1142.95,44068
06-08-2019 14:29,1142.95,1143,1141.8,1141.9,42306
06-08-2019 14:30,1141.9,1143,1141.9,1142,27585
06-08-2019 14:31,1141.9,1141.9,1141.25,1141.25,35322
06-08-2019 14:32,1141.25,1141.25,1138.9,1139.55,45595
06-08-2019 14:33,1139.4,1140,1139.4,1139.5,26355
06-08-2019 14:34,1139.6,1139.75,1139,1139.5,22412
06-08-2019 14:35,1139.45,1140.2,1139.25,1140.05,27957
06-08-2019 14:36,1140.1,1140.1,1139.65,1139.95,16221
06-08-2019 14:37,1139.9,1140,1137.95,1137.95,43368
06-08-2019 14:38,1137.35,1137.95,1137.2,1137.8,22882
06-08-2019 14:39,1137.7,1137.85,1136.65,1136.95,45348
06-08-2019 14:40,1136.95,1138.9,1136.95,1138.9,22376
06-08-2019 14:41,1138.9,1139.2,1138.55,1138.85,16073
06-08-2019 14:42,1139.05,1139.3,1138.75,1138.8,13877
06-08-2019 14:43,1138.8,1138.9,1137.1,1137.7,34692
06-08-2019 14:44,1137.7,1137.8,1137.1,1137.7,20209
06-08-2019 14:45,1137.7,1138.9,1137.7,1138.45,15517
06-08-2019 14:46,1138.45,1138.5,1138,1138.1,8488
06-08-2019 14:47,1138.2,1138.2,1137.7,1138,21943
06-08-2019 14:48,1138,1139.9,1137.95,1139.05,25697
06-08-2019 14:49,1139.05,1139.5,1139,1139.1,12611
06-08-2019 14:50,1139.2,1139.45,1139.15,1139.35,16978
06-08-2019 14:51,1139.35,1139.45,1139.2,1139.3,10147
06-08-2019 14:52,1139.3,1139.4,1137.5,1137.5,18098
06-08-2019 14:53,1137.6,1137.75,1137.6,1137.65,30130
06-08-2019 14:54,1137.65,1138,1137.55,1137.6,27894
06-08-2019 14:55,1137.7,1138.4,1137.6,1138.4,15298
06-08-2019 14:56,1138.4,1138.65,1136.55,1136.8,31748
06-08-2019 14:57,1136.55,1138,1136.55,1137.9,23821
06-08-2019 14:58,1138,1139.1,1137.3,1139.1,33541
06-08-2019 14:59,1139.35,1140.3,1139.35,1139.4,70332
06-08-2019 15:00,1139.5,1139.9,1133.3,1134.9,87339
06-08-2019 15:01,1134.9,1135.25,1133.5,1133.5,38987
06-08-2019 15:02,1133.55,1133.55,1131.35,1131.35,70782
06-08-2019 15:03,1131.35,1131.95,1129.5,1131.9,133402
06-08-2019 15:04,1131.65,1131.9,1131.3,1131.45,48418
06-08-2019 15:05,1131.5,1132.9,1131.25,1132.5,44648
06-08-2019 15:06,1133,1133.4,1131.55,1131.85,37707
06-08-2019 15:07,1131.75,1131.85,1130.5,1130.5,51632
06-08-2019 15:08,1130.2,1130.85,1130.1,1130.5,50423
06-08-2019 15:09,1130.6,1131.5,1129.75,1129.75,45458
06-08-2019 15:10,1129.55,1129.9,1128.5,1128.5,64811
06-08-2019 15:11,1128.5,1130.75,1127.25,1128.3,115230
06-08-2019 15:12,1128.1,1130.3,1128,1130.3,43884
06-08-2019 15:13,1130.3,1130.35,1128.25,1128.25,34871
06-08-2019 15:14,1128.6,1128.95,1128.3,1128.7,30083
06-08-2019 15:15,1128.7,1128.8,1126.2,1126.6,70101
06-08-2019 15:16,1126.5,1126.55,1125,1126.25,85088
06-08-2019 15:17,1126.3,1126.5,1125.5,1126.35,40624
06-08-2019 15:18,1126.2,1126.3,1125,1125.55,40169
06-08-2019 15:19,1125.85,1126.35,1125,1125.5,47845
06-08-2019 15:20,1125.45,1126.25,1124.45,1126.2,38917
06-08-2019 15:21,1126.2,1126.2,1125.15,1125.25,42081
06-08-2019 15:22,1125.2,1125.9,1124.5,1124.7,53023
06-08-2019 15:23,1124.5,1125.55,1124.45,1125.4,37684
06-08-2019 15:24,1125.45,1125.65,1125,1125,27717
06-08-2019 15:25,1125,1125.1,1124.45,1124.7,35373
06-08-2019 15:26,1124.7,1124.7,1123.75,1123.75,36336
06-08-2019 15:27,1123.75,1123.85,1123.1,1123.4,52949
06-08-2019 15:28,1123.65,1123.65,1123,1123,64112
06-08-2019 15:29,1122.6,1123,1122.25,1122.35,47661
07-08-2019 09:15,1126.5,1130.55,1126.85,1130.55,160671
07-08-2019 09:16,1130.9,1134.45,1130.55,1133.55,105477
07-08-2019 09:17,1133.7,1138.5,1133.55,1137.55,110009
07-08-2019 09:18,1137,1137.55,1134.55,1134.75,89531
07-08-2019 09:19,1134.9,1137,1134.9,1137,44815
07-08-2019 09:20,1137.15,1137.15,1134.1,1134.25,85877
07-08-2019 09:21,1134.1,1134.45,1128.7,1129.45,94055
07-08-2019 09:22,1129.85,1131.65,1129,1130.05,62225
07-08-2019 09:23,1130.45,1130.7,1128.3,1129.9,64704
07-08-2019 09:24,1129.5,1131,1129.15,1131,30429
07-08-2019 09:25,1131,1131,1129.1,1129.85,52290
07-08-2019 09:26,1130,1132,1129.35,1132,32082
07-08-2019 09:27,1131.95,1132.65,1130.5,1132.5,33096
07-08-2019 09:28,1132.65,1134,1132.35,1132.35,54913
07-08-2019 09:29,1132.35,1132.9,1131.2,1132.8,31077
07-08-2019 09:30,1132.45,1133,1131.75,1131.75,25381
07-08-2019 09:31,1131.8,1131.9,1130,1130.45,40158
07-08-2019 09:32,1130.7,1131.5,1130.2,1131,20069
07-08-2019 09:33,1130.8,1131.8,1130.5,1131.5,15981
07-08-2019 09:34,1131.6,1133,1131.25,1132.25,24148
07-08-2019 09:35,1132.5,1133.5,1132.5,1132.85,24788
07-08-2019 09:36,1132.5,1133.5,1132.35,1132.85,17014
07-08-2019 09:37,1132.65,1132.95,1131,1131.8,23614
07-08-2019 09:38,1132.4,1132.8,1131.2,1132,13941
07-08-2019 09:39,1131.95,1132.65,1131.5,1132,13138
07-08-2019 09:40,1132.5,1132.5,1131.5,1131.95,6757
07-08-2019 09:41,1131.95,1133,1131.85,1132.65,12243
07-08-2019 09:42,1132.75,1133.05,1132.3,1133,12282
07-08-2019 09:43,1133,1134.35,1132.75,1134.35,29510
07-08-2019 09:44,1134.45,1135.35,1134.05,1134.95,46304
07-08-2019 09:45,1134.85,1135,1133.25,1133.5,22917
07-08-2019 09:46,1133,1134.35,1133,1133.7,13979
07-08-2019 09:47,1133.75,1135,1133.4,1134.65,14392
07-08-2019 09:48,1134.55,1134.75,1133,1133.45,25980
07-08-2019 09:49,1133.35,1133.45,1131,1131.6,29398
07-08-2019 09:50,1131.6,1132,1131,1132,14583
07-08-2019 09:51,1131.8,1131.95,1129.7,1130,40967
07-08-2019 09:52,1130,1130.6,1129.8,1130.6,14800
07-08-2019 09:53,1130.5,1130.5,1123.5,1125,155774
07-08-2019 09:54,1125,1126.15,1125,1126,121412
07-08-2019 09:55,1126,1128.45,1126,1128.25,52487
07-08-2019 09:56,1128.15,1129,1128,1128.9,63798
07-08-2019 09:57,1128.6,1128.85,1128,1128.5,20753
07-08-2019 09:58,1128.25,1129.7,1128.1,1129.3,17376
07-08-2019 09:59,1129.8,1129.8,1127.25,1127.9,50691
07-08-2019 10:00,1127.95,1127.95,1126,1126.2,29318
07-08-2019 10:01,1126.2,1127.7,1126,1127.15,26296
07-08-2019 10:02,1127.5,1127.65,1126.05,1126.8,24547
07-08-2019 10:03,1126.8,1127.7,1126.8,1127.4,12460
07-08-2019 10:04,1127.25,1127.85,1127,1127,11138
07-08-2019 10:05,1127.5,1127.85,1127,1127,28347
07-08-2019 10:06,1127,1127.45,1127,1127.2,35389
07-08-2019 10:07,1127.2,1127.5,1127,1127.3,15935
07-08-2019 10:08,1127.05,1127.45,1127,1127.2,19243
07-08-2019 10:09,1127.2,1127.3,1125.6,1125.75,24103
07-08-2019 10:10,1125.6,1126.5,1125.1,1126.05,15618
07-08-2019 10:11,1125.7,1126.35,1125.5,1125.95,43497
07-08-2019 10:12,1125.95,1126.45,1125.8,1125.85,17410
07-08-2019 10:13,1126.1,1126.6,1126,1126.2,12803
07-08-2019 10:14,1126.15,1126.2,1125,1125.25,29905
07-08-2019 10:15,1125.25,1125.55,1123.75,1123.95,52716
07-08-2019 10:16,1123.95,1124.85,1123.85,1124.85,28155
07-08-2019 10:17,1124.85,1124.85,1122.2,1122.5,85753
07-08-2019 10:18,1121.95,1121.95,1120.45,1121.15,97554
07-08-2019 10:19,1121.05,1121.5,1120.5,1120.65,55383
07-08-2019 10:20,1120.95,1121,1118.25,1119,121793
07-08-2019 10:21,1119.2,1119.55,1118.25,1119,55830
07-08-2019 10:22,1119.45,1119.5,1118.65,1119.5,34187
07-08-2019 10:23,1119.55,1121.55,1119.2,1121.2,36953
07-08-2019 10:24,1121.3,1121.7,1120.4,1121.1,39756
07-08-2019 10:25,1121,1121.2,1120.05,1120.9,19829
07-08-2019 10:26,1120.5,1120.95,1119.2,1120.95,21404
07-08-2019 10:27,1120.8,1121.35,1120.25,1120.9,15885
07-08-2019 10:28,1120.85,1121.95,1120.85,1121.85,20749
07-08-2019 10:29,1122,1122.85,1121.7,1122.6,24170
07-08-2019 10:30,1122.4,1122.65,1122,1122.4,15935
07-08-2019 10:31,1122.5,1122.8,1122.05,1122.6,14384
07-08-2019 10:32,1122.55,1123.6,1122.55,1123.3,23267
07-08-2019 10:33,1123.1,1123.9,1122.2,1122.5,27158
07-08-2019 10:34,1122.25,1122.95,1122,1122.5,10575
07-08-2019 10:35,1122.35,1122.9,1122.2,1122.7,8701
07-08-2019 10:36,1122.5,1122.8,1121.95,1122.05,29280
07-08-2019 10:37,1122,1122,1120.1,1120.55,16582
07-08-2019 10:38,1120.15,1120.95,1120.05,1120.95,9085
07-08-2019 10:39,1120.85,1121,1120,1120.5,13937
07-08-2019 10:40,1120.5,1121.4,1120.5,1121.3,10972
07-08-2019 10:41,1121.3,1122,1121.3,1121.85,11589
07-08-2019 10:42,1121.35,1122.8,1121.35,1122.5,11528
07-08-2019 10:43,1122.7,1122.8,1122,1122.25,10643
07-08-2019 10:44,1121.8,1122.3,1121.25,1121.35,16246
07-08-2019 10:45,1121.3,1121.35,1120,1120.35,22546
07-08-2019 10:46,1120.75,1121,1120.25,1120.25,16081
07-08-2019 10:47,1120.25,1120.7,1120,1120.55,14927
07-08-2019 10:48,1120.2,1120.8,1119.2,1119.9,37905
07-08-2019 10:49,1119.95,1120.5,1119.5,1120.05,13421
07-08-2019 10:50,1120,1120.95,1119.7,1120.85,14389
07-08-2019 10:51,1120.75,1120.85,1120.1,1120.25,7894
07-08-2019 10:52,1120.65,1121,1120.05,1120.9,15062
07-08-2019 10:53,1120.85,1121.85,1120.4,1120.4,12420
07-08-2019 10:54,1120.6,1120.6,1119.75,1119.8,16889
07-08-2019 10:55,1119.8,1120.05,1119.6,1119.85,12950
07-08-2019 10:56,1119.95,1120,1119.5,1119.9,11090
07-08-2019 10:57,1120,1120,1119.55,1119.75,13666
07-08-2019 10:58,1119.75,1120,1119.5,1119.5,11380
07-08-2019 10:59,1119.5,1120.05,1119.05,1119.9,20232
07-08-2019 11:00,1119.95,1119.95,1119,1119.3,18037
07-08-2019 11:01,1119.4,1119.7,1119.1,1119.55,6427
07-08-2019 11:02,1119.55,1120.5,1119.55,1119.95,20478
07-08-2019 11:03,1119.95,1121,1119.8,1120.3,14959
07-08-2019 11:04,1120.75,1121.85,1120.25,1121.85,13202
07-08-2019 11:05,1121.85,1123,1121.55,1122.65,35401
07-08-2019 11:06,1122.7,1123.85,1122.3,1123.85,44850
07-08-2019 11:07,1123.7,1124,1123.35,1123.75,39482
07-08-2019 11:08,1123.6,1123.8,1122.8,1123,11713
07-08-2019 11:09,1122.85,1123.6,1122.6,1122.6,22148
07-08-2019 11:10,1122.7,1123.5,1122,1123.3,17727
07-08-2019 11:11,1123.3,1123.45,1123,1123.45,5954
07-08-2019 11:12,1123.4,1123.45,1122.7,1123.1,9628
07-08-2019 11:13,1123.1,1123.55,1122.9,1122.9,15952
07-08-2019 11:14,1123.3,1123.3,1122.05,1123,7466
07-08-2019 11:15,1122.9,1122.9,1121.8,1122,10537
07-08-2019 11:16,1121.85,1122.45,1121.15,1121.45,9504
07-08-2019 11:17,1121.45,1122.45,1121.45,1122,5651
07-08-2019 11:18,1122.3,1122.35,1121.2,1121.6,7831
07-08-2019 11:19,1122.15,1122.5,1121.6,1122,8665
07-08-2019 11:20,1121.8,1122.55,1121.8,1122.4,8320
07-08-2019 11:21,1122.5,1122.55,1122.1,1122.25,7793
07-08-2019 11:22,1122.25,1122.3,1121.8,1121.8,11860
07-08-2019 11:23,1122.25,1122.25,1121.85,1122,9731
07-08-2019 11:24,1122.05,1122.05,1121.1,1121.1,12964
07-08-2019 11:25,1121.3,1121.3,1120,1120.4,14854
07-08-2019 11:26,1120.4,1120.8,1119.5,1119.5,23524
07-08-2019 11:27,1119.9,1120.9,1119.5,1120.9,10879
07-08-2019 11:28,1120.9,1122,1120.8,1122,5333
07-08-2019 11:29,1122,1122.05,1121.45,1121.85,8222
07-08-2019 11:30,1121.9,1122,1121.25,1121.25,8128
07-08-2019 11:31,1121.1,1122.25,1121.1,1121.8,9876
07-08-2019 11:32,1121.8,1122.25,1121.5,1122.25,6022
07-08-2019 11:33,1122.3,1122.4,1121.7,1122,11580
07-08-2019 11:34,1122,1122.25,1121.5,1122.1,5830
07-08-2019 11:35,1122.25,1122.25,1121.5,1121.5,7424
07-08-2019 11:36,1121.75,1121.75,1121.3,1121.5,5200
07-08-2019 11:37,1121.5,1121.85,1121.4,1121.7,8292
07-08-2019 11:38,1121.8,1121.8,1121.55,1121.75,6358
07-08-2019 11:39,1121.85,1121.85,1121.5,1121.75,12240
07-08-2019 11:40,1121.85,1122.25,1121.7,1121.9,20854
07-08-2019 11:41,1121.9,1121.95,1121.1,1121.4,7817
07-08-2019 11:42,1121.5,1121.5,1120.25,1120.9,12542
07-08-2019 11:43,1120.65,1121.45,1120.65,1121.35,4275
07-08-2019 11:44,1121.35,1121.65,1121.3,1121.6,10610
07-08-2019 11:45,1121.6,1122.25,1118.5,1122,90157
07-08-2019 11:46,1121.7,1122.35,1119.2,1120.9,22388
07-08-2019 11:47,1120.95,1121.5,1120,1120.75,7584
07-08-2019 11:48,1121,1122.3,1120.85,1122,27673
07-08-2019 11:49,1122,1122.5,1122,1122.5,19917
07-08-2019 11:50,1122.5,1122.6,1121.35,1122.05,35946
07-08-2019 11:51,1121.9,1122.5,1121.6,1122,17613
07-08-2019 11:52,1121.95,1121.95,1120.05,1121.65,25267
07-08-2019 11:53,1121.85,1122,1121,1121.75,10016
07-08-2019 11:54,1121.9,1122.1,1121.15,1121.85,12321
07-08-2019 11:55,1121.5,1121.85,1121,1121.45,8638
07-08-2019 11:56,1121.65,1121.65,1120.6,1120.6,11087
07-08-2019 11:57,1121,1121,1115,1116.4,152706
07-08-2019 11:58,1116.5,1117.65,1116.1,1117,54615
07-08-2019 11:59,1116.4,1117.95,1116.3,1117.35,37300
07-08-2019 12:00,1117.25,1117.25,1113.8,1113.8,57827
07-08-2019 12:01,1113.4,1113.4,1108.1,1108.1,169382
07-08-2019 12:02,1108.65,1112.4,1108.1,1112.4,96808
07-08-2019 12:03,1112.45,1113.6,1111.35,1113.6,65903
07-08-2019 12:04,1113.7,1115.4,1113.35,1115.05,62478
07-08-2019 12:05,1115.5,1115.5,1114.3,1115.1,44618
07-08-2019 12:06,1115.3,1115.45,1114.1,1114.1,26779
07-08-2019 12:07,1114.1,1115,1113.5,1114,36195
07-08-2019 12:08,1113.8,1115,1113.65,1115,26237
07-08-2019 12:09,1114.85,1115,1114,1114.45,40137
07-08-2019 12:10,1114.4,1116.4,1114.4,1115.75,30952
07-08-2019 12:11,1115.7,1117,1115.3,1116.95,21028
07-08-2019 12:12,1116.95,1117.05,1116.2,1116.7,18467
07-08-2019 12:13,1116.7,1117.8,1116.55,1117.55,22458
07-08-2019 12:14,1117.95,1118.45,1116.6,1118,45851
07-08-2019 12:15,1118,1118.1,1116.2,1116.2,36632
07-08-2019 12:16,1116.75,1116.95,1115.65,1116.1,24331
07-08-2019 12:17,1116.1,1117.7,1115.5,1117.1,27617
07-08-2019 12:18,1117.35,1120,1117.1,1119.4,39788
07-08-2019 12:19,1119.1,1120.8,1118.7,1120.25,61221
07-08-2019 12:20,1120.25,1121.4,1120.25,1120.8,28056
07-08-2019 12:21,1120.85,1122,1120.75,1121.6,33381
07-08-2019 12:22,1121.9,1122.4,1121.1,1121.95,55878
07-08-2019 12:23,1122.15,1122.4,1121.75,1122,32052
07-08-2019 12:24,1122.3,1124.95,1121.85,1124.95,92364
07-08-2019 12:25,1125,1129.65,1124.55,1129.1,146812
07-08-2019 12:26,1129,1129,1125.6,1125.6,69981
07-08-2019 12:27,1125.55,1126.45,1124.4,1125.85,73444
07-08-2019 12:28,1125.9,1126.65,1125.5,1126.5,40042
07-08-2019 12:29,1126.25,1126.4,1125.65,1126,19595
07-08-2019 12:30,1126,1126.05,1123.55,1124,54240
07-08-2019 12:31,1124.1,1124.45,1122.75,1123.15,40541
07-08-2019 12:32,1123.15,1123.35,1121.35,1121.9,43972
07-08-2019 12:33,1121.85,1121.9,1120,1120.95,57115
07-08-2019 12:34,1121.1,1123.15,1121.05,1122.45,36161
07-08-2019 12:35,1122.9,1124,1122.7,1123.2,51042
07-08-2019 12:36,1123,1123.8,1121,1121,33944
07-08-2019 12:37,1120.9,1122.25,1120.7,1122,25169
07-08-2019 12:38,1121.85,1123.5,1121.85,1123,26240
07-08-2019 12:39,1123.3,1123.35,1121.1,1121.1,18039
07-08-2019 12:40,1121.15,1123,1121.1,1122.95,9130
07-08-2019 12:41,1122.6,1122.85,1121.1,1121.1,8581
07-08-2019 12:42,1121.35,1122.8,1121.1,1122.75,5950
07-08-2019 12:43,1122.6,1122.8,1121.65,1122.1,7936
07-08-2019 12:44,1122.2,1122.4,1121.5,1121.6,5517
07-08-2019 12:45,1122,1122.75,1121.5,1121.5,10260
07-08-2019 12:46,1121.55,1121.7,1120.6,1120.85,14003
07-08-2019 12:47,1121,1121.15,1120.7,1121,6794
07-08-2019 12:48,1120.7,1121.05,1117.2,1118.65,49888
07-08-2019 12:49,1118.9,1120,1118.8,1119.65,15781
07-08-2019 12:50,1119.7,1120,1119,1120,7445
07-08-2019 12:51,1119.95,1119.95,1118.75,1119.15,14186
07-08-2019 12:52,1119.3,1120,1119.2,1119.75,9218
07-08-2019 12:53,1119.8,1120.95,1118.7,1118.7,25240
07-08-2019 12:54,1119.15,1119.35,1118.3,1118.85,14417
07-08-2019 12:55,1118.9,1119,1118.35,1118.8,15966
07-08-2019 12:56,1119,1119,1118.4,1118.95,10779
07-08-2019 12:57,1118.95,1119.65,1118.5,1118.75,10786
07-08-2019 12:58,1119.15,1119.7,1119,1119.65,7732
07-08-2019 12:59,1119.7,1119.8,1119.3,1119.8,8191
07-08-2019 13:00,1119.8,1120.3,1119.7,1120.1,11182
07-08-2019 13:01,1120.35,1121.4,1120.3,1121.25,11981
07-08-2019 13:02,1121.5,1121.5,1120,1121.15,8625
07-08-2019 13:03,1120.65,1120.85,1119.3,1119.75,9459
07-08-2019 13:04,1119.9,1120.5,1119.25,1119.9,8367
07-08-2019 13:05,1119.6,1120.5,1119.2,1120.35,15856
07-08-2019 13:06,1120.5,1120.5,1119.5,1119.85,10902
07-08-2019 13:07,1119.85,1120.5,1119.25,1120.35,8914
07-08-2019 13:08,1120.5,1120.5,1120,1120.15,6143
07-08-2019 13:09,1120.5,1120.5,1119.45,1120.15,6068
07-08-2019 13:10,1120.15,1120.3,1119.7,1120.2,4999
07-08-2019 13:11,1120.25,1120.3,1119.75,1120.3,5912
07-08-2019 13:12,1120.05,1120.3,1120,1120.3,6481
07-08-2019 13:13,1120.25,1120.5,1119.55,1119.75,16872
07-08-2019 13:14,1119.9,1120.5,1119.05,1120.4,11064
07-08-2019 13:15,1120.3,1120.5,1119.2,1119.2,11954
07-08-2019 13:16,1119.2,1119.2,1117.5,1117.5,23407
07-08-2019 13:17,1117.2,1117.7,1114.5,1116.75,57992
07-08-2019 13:18,1116.8,1117,1116.2,1116.95,10612
07-08-2019 13:19,1116.95,1117.45,1116.5,1117.15,19258
07-08-2019 13:20,1117.2,1118.55,1117.2,1118.25,8437
07-08-2019 13:21,1118.2,1118.75,1117.8,1118.65,7228
07-08-2019 13:22,1118.65,1118.9,1117.4,1117.4,11423
07-08-2019 13:23,1117.2,1117.85,1116,1116.3,14910
07-08-2019 13:24,1116.25,1116.85,1116.25,1116.6,13665
07-08-2019 13:25,1116.3,1116.4,1115.15,1115.9,15313
07-08-2019 13:26,1115.8,1115.95,1115,1115.95,13804
07-08-2019 13:27,1115.45,1116.7,1115.45,1116.2,18645
07-08-2019 13:28,1116.5,1117.6,1116.2,1117.5,8245
07-08-2019 13:29,1117,1117.9,1117,1117.35,7605
07-08-2019 13:30,1117.2,1117.4,1115.15,1115.5,15485
07-08-2019 13:31,1115.8,1116.45,1115.65,1116.25,4240
07-08-2019 13:32,1116.2,1117.1,1116,1116.5,7416
07-08-2019 13:33,1116.6,1117.5,1116.45,1117.3,7511
07-08-2019 13:34,1117.25,1117.25,1115.95,1116.9,13404
07-08-2019 13:35,1116.9,1116.9,1115,1115.3,16431
07-08-2019 13:36,1115.6,1116.9,1115.3,1115.6,4795
07-08-2019 13:37,1115.85,1116.55,1115.55,1115.8,7344
07-08-2019 13:38,1115.75,1116,1115.05,1115.1,12321
07-08-2019 13:39,1115.1,1115.1,1112,1113.6,77819
07-08-2019 13:40,1113.95,1114,1112,1112,27344
07-08-2019 13:41,1112.65,1112.9,1111.3,1112.65,39643
07-08-2019 13:42,1112.15,1113,1111.5,1112.5,35830
07-08-2019 13:43,1112.35,1113,1110,1110.5,82712
07-08-2019 13:44,1110.15,1110.8,1108.15,1109.4,60625
07-08-2019 13:45,1109.7,1111.5,1109.2,1110.85,51109
07-08-2019 13:46,1110.85,1111.3,1110,1111.3,25003
07-08-2019 13:47,1111.35,1112.55,1111.3,1112.15,23870
07-08-2019 13:48,1112.15,1113.9,1111.05,1112.75,33267
07-08-2019 13:49,1112.5,1113.45,1112,1112.75,16786
07-08-2019 13:50,1113.25,1113.7,1112.7,1113.6,22843
07-08-2019 13:51,1113.7,1114,1112.4,1112.8,26145
07-08-2019 13:52,1113,1113,1112,1112.4,19497
07-08-2019 13:53,1112.75,1113,1112.05,1112.55,15654
07-08-2019 13:54,1112.2,1112.4,1111.15,1112.1,13425
07-08-2019 13:55,1111,1111.05,1109.35,1109.65,36119
07-08-2019 13:56,1109.8,1110.2,1108.4,1110,33940
07-08-2019 13:57,1110,1110.9,1109.5,1110,16977
07-08-2019 13:58,1110,1111,1110,1111,25665
07-08-2019 13:59,1111,1111.2,1110.1,1110.7,19932
07-08-2019 14:00,1110.7,1112,1110.7,1111.45,10421
07-08-2019 14:01,1111.45,1112.6,1111.1,1112.6,17024
07-08-2019 14:02,1112.6,1112.6,1111.4,1112.5,13943
07-08-2019 14:03,1112.5,1112.7,1112,1112.7,11105
07-08-2019 14:04,1112.7,1113.9,1110.65,1111.1,67303
07-08-2019 14:05,1110.5,1112.25,1110.5,1111.75,16083
07-08-2019 14:06,1111.6,1112,1110.55,1111.25,19079
07-08-2019 14:07,1111.35,1112,1111,1111.75,12886
07-08-2019 14:08,1111.55,1111.9,1111.1,1111.75,10601
07-08-2019 14:09,1111.75,1112,1110.55,1110.55,16662
07-08-2019 14:10,1110.55,1112,1110.2,1111.9,10216
07-08-2019 14:11,1111.9,1112.25,1111.1,1111.65,21649
07-08-2019 14:12,1111.35,1114.6,1111.35,1114,30717
07-08-2019 14:13,1114.4,1114.95,1113.95,1114.4,22946
07-08-2019 14:14,1114.5,1114.65,1113.2,1114.5,29716
07-08-2019 14:15,1114.5,1115.45,1114.5,1115,69705
07-08-2019 14:16,1115,1115.5,1114.7,1115,72023
07-08-2019 14:17,1115.25,1115.45,1114.8,1115,77314
07-08-2019 14:18,1115,1115.1,1112.15,1112.7,23586
07-08-2019 14:19,1112.3,1114,1111.75,1112.25,18936
07-08-2019 14:20,1112.2,1112.65,1110.75,1111.6,25292
07-08-2019 14:21,1111.5,1112,1111.15,1111.15,15267
07-08-2019 14:22,1111.55,1111.55,1109.2,1109.6,57855
07-08-2019 14:23,1108.55,1110.65,1108.1,1110.4,65902
07-08-2019 14:24,1110.5,1112.35,1110.5,1111.35,18669
07-08-2019 14:25,1111.35,1112,1111.2,1111.7,6601
07-08-2019 14:26,1111.65,1112,1110.05,1111.75,13777
07-08-2019 14:27,1111.55,1111.75,1111,1111.55,12603
07-08-2019 14:28,1111.35,1111.95,1111,1111.75,14452
07-08-2019 14:29,1111.4,1111.85,1111,1111.2,7054
07-08-2019 14:30,1111.1,1112,1111,1111.2,20587
07-08-2019 14:31,1111.2,1111.2,1111,1111,43665
07-08-2019 14:32,1111.05,1111.8,1110.5,1111,25670
07-08-2019 14:33,1110.75,1111.9,1110,1111.2,42217
07-08-2019 14:34,1111.55,1111.6,1109.8,1110,93420
07-08-2019 14:35,1110,1111.45,1109.95,1109.95,17839
07-08-2019 14:36,1110.25,1111.45,1110,1111,19963
07-08-2019 14:37,1111.25,1111.35,1111,1111.05,17186
07-08-2019 14:38,1111,1111.3,1111,1111,11849
07-08-2019 14:39,1111,1111.5,1111,1111,15196
07-08-2019 14:40,1111.05,1113.3,1111,1113,23527
07-08-2019 14:41,1113,1114,1112.55,1113.5,15941
07-08-2019 14:42,1113,1113.4,1111.6,1111.75,13912
07-08-2019 14:43,1111.95,1112,1111.1,1111.85,23495
07-08-2019 14:44,1111.9,1112.15,1111.35,1112.05,21309
07-08-2019 14:45,1112,1112.05,1111.05,1111.7,10692
07-08-2019 14:46,1111.7,1111.7,1111,1111.2,15607
07-08-2019 14:47,1111.2,1111.6,1111,1111.3,13240
07-08-2019 14:48,1111.1,1111.3,1110.8,1110.8,16665
07-08-2019 14:49,1110.9,1112,1110.85,1111.8,24076
07-08-2019 14:50,1111.95,1111.95,1111.05,1111.05,7821
07-08-2019 14:51,1111.3,1112,1111,1111.55,10771
07-08-2019 14:52,1111.6,1112,1111.35,1111.75,13565
07-08-2019 14:53,1111.15,1112,1110.95,1112,40472
07-08-2019 14:54,1111.7,1113,1111.7,1112.55,16537
07-08-2019 14:55,1112.55,1112.55,1111.05,1111.25,14698
07-08-2019 14:56,1111,1111.4,1111,1111.05,32189
07-08-2019 14:57,1111.05,1112.6,1111,1111.3,37347
07-08-2019 14:58,1111.4,1111.55,1111.05,1111.3,13833
07-08-2019 14:59,1111.35,1113.95,1111.2,1112.1,32849
07-08-2019 15:00,1112.35,1112.8,1111,1111,45217
07-08-2019 15:01,1111.05,1112,1110.3,1110.5,55086
07-08-2019 15:02,1110.75,1111.35,1110.15,1111,38471
07-08-2019 15:03,1111,1111.1,1111,1111,34004
07-08-2019 15:04,1111.05,1111.05,1110.7,1110.7,58054
07-08-2019 15:05,1110.7,1111.25,1110,1111.25,68919
07-08-2019 15:06,1111.1,1111.15,1110.25,1110.85,55692
07-08-2019 15:07,1111,1111.7,1111,1111.05,35042
07-08-2019 15:08,1111.2,1111.2,1111,1111,39578
07-08-2019 15:09,1111,1111.05,1111,1111,52661
07-08-2019 15:10,1111,1111.05,1110.25,1110.25,80826
07-08-2019 15:11,1110.55,1110.65,1108.5,1108.95,88077
07-08-2019 15:12,1108.85,1110,1107.5,1110,85105
07-08-2019 15:13,1109.65,1110.6,1109.65,1110,71684
07-08-2019 15:14,1110,1111.4,1109.4,1111.05,62311
07-08-2019 15:15,1111,1111.95,1110.4,1111.2,88961
07-08-2019 15:16,1111.2,1111.25,1108.05,1109.1,136868
07-08-2019 15:17,1109.4,1111,1108.95,1110.15,62579
07-08-2019 15:18,1110.25,1110.65,1109.5,1110.45,61455
07-08-2019 15:19,1110.6,1110.8,1109.7,1109.9,50708
07-08-2019 15:20,1109.95,1110.05,1108.35,1108.95,58972
07-08-2019 15:21,1109.3,1109.9,1108.55,1109.9,51135
07-08-2019 15:22,1109.9,1110,1108,1108.65,71198
07-08-2019 15:23,1108.55,1108.55,1106,1107.95,80443
07-08-2019 15:24,1108.15,1108.55,1106.8,1108.1,56584
07-08-2019 15:25,1108.45,1109.6,1107.9,1109.6,52795
07-08-2019 15:26,1109.3,1109.8,1108.9,1109.6,56955
07-08-2019 15:27,1109.8,1109.8,1107.25,1107.65,46658
07-08-2019 15:28,1107.65,1107.65,1106.5,1107,60573
07-08-2019 15:29,1106.2,1107,1103.35,1105,148395
08-08-2019 09:15,1108.35,1114.25,1109.7,1112.6,94336
08-08-2019 09:16,1112.7,1114.3,1112.15,1113.9,60473
08-08-2019 09:17,1114.1,1115.55,1114,1114.85,58161
08-08-2019 09:18,1114.95,1114.95,1111.1,1111.55,53536
08-08-2019 09:19,1111.55,1112,1109.5,1109.6,51323
08-08-2019 09:20,1109.55,1109.9,1107.1,1107.6,63426
08-08-2019 09:21,1107.7,1108.25,1104.05,1104.85,56684
08-08-2019 09:22,1105,1107.7,1104.7,1106.4,46089
08-08-2019 09:23,1106.2,1107.7,1106,1106.5,31258
08-08-2019 09:24,1106.9,1106.95,1105.95,1106.8,27136
08-08-2019 09:25,1106.65,1107.4,1106,1107.4,26297
08-08-2019 09:26,1107.4,1108,1107,1107.25,14795
08-08-2019 09:27,1107.35,1107.95,1107,1107.25,12132
08-08-2019 09:28,1107.3,1107.3,1106.5,1106.55,24620
08-08-2019 09:29,1106.35,1106.55,1105,1105.2,24373
08-08-2019 09:30,1105.2,1105.2,1099.65,1100,109465
08-08-2019 09:31,1100.2,1102.65,1099.9,1102.4,60785
08-08-2019 09:32,1102.25,1103.55,1101.9,1103,45944
08-08-2019 09:33,1103,1103.35,1101.6,1102.05,25089
08-08-2019 09:34,1102.3,1102.9,1102,1102,23222
08-08-2019 09:35,1102,1102,1098.5,1099.55,80714
08-08-2019 09:36,1099.05,1100.5,1099,1100.2,44381
08-08-2019 09:37,1100.05,1100.45,1097,1097,53562
08-08-2019 09:38,1097.25,1097.25,1095.4,1097.2,110902
08-08-2019 09:39,1097,1097.65,1095.65,1097.5,36933
08-08-2019 09:40,1097.05,1097.8,1096.5,1097.4,35011
08-08-2019 09:41,1097.35,1098.9,1097,1098,34012
08-08-2019 09:42,1098.3,1099.5,1098.15,1098.15,24238
08-08-2019 09:43,1098.6,1099.5,1098.25,1099.5,26395
08-08-2019 09:44,1099,1099.65,1098.8,1098.8,24934
08-08-2019 09:45,1099.3,1099.6,1098.4,1098.4,13305
08-08-2019 09:46,1098.45,1098.45,1097,1097.6,19924
08-08-2019 09:47,1097.9,1097.9,1096.5,1096.85,16750
08-08-2019 09:48,1097,1098.25,1097,1097.7,20731
08-08-2019 09:49,1097.2,1099.6,1097.2,1099.3,20850
08-08-2019 09:50,1099,1101.8,1099,1101.45,50476
08-08-2019 09:51,1101,1101.65,1100.75,1101.6,26621
08-08-2019 09:52,1101.7,1102.5,1101.6,1102.1,35000
08-08-2019 09:53,1102.15,1104.1,1101.8,1103.35,46394
08-08-2019 09:54,1103.35,1104,1103.1,1103.3,20059
08-08-2019 09:55,1103.15,1103.3,1102,1102.15,34611
08-08-2019 09:56,1102,1103.25,1102,1103.25,28674
08-08-2019 09:57,1103.3,1104.25,1103.15,1104.2,23090
08-08-2019 09:58,1104.3,1105.85,1104.2,1105.05,49606
08-08-2019 09:59,1105,1105.7,1105,1105.7,30346
08-08-2019 10:00,1105.5,1108,1105.5,1107.6,53310
08-08-2019 10:01,1107.65,1108.7,1107.4,1108.3,41489
08-08-2019 10:02,1108.3,1109.2,1108.3,1108.85,46929
08-08-2019 10:03,1108.9,1110.95,1108.85,1110.95,76207
08-08-2019 10:04,1110.5,1112,1110.3,1110.8,59338
08-08-2019 10:05,1110.75,1111.6,1110.5,1111.05,38056
08-08-2019 10:06,1110.75,1111,1109.25,1111,46665
08-08-2019 10:07,1111,1111.3,1110.2,1111,34136
08-08-2019 10:08,1111,1114,1111,1112.8,68222
08-08-2019 10:09,1112.6,1114.95,1111.75,1114.8,89343
08-08-2019 10:10,1115,1118.2,1114.6,1118.2,133783
08-08-2019 10:11,1118.35,1119,1117,1117.25,75354
08-08-2019 10:12,1117.1,1117.5,1115.55,1117,68123
08-08-2019 10:13,1117,1117.9,1116.45,1116.45,36599
08-08-2019 10:14,1116.2,1116.45,1114.5,1115,43662
08-08-2019 10:15,1114.4,1115.3,1113.65,1113.9,48539
08-08-2019 10:16,1113.95,1116.65,1113.65,1116.15,33073
08-08-2019 10:17,1116.15,1117,1115.5,1115.8,17463
08-08-2019 10:18,1115.8,1116.9,1115.8,1116.1,16564
08-08-2019 10:19,1116,1117.85,1116,1117,19761
08-08-2019 10:20,1116.8,1118,1116.8,1117.8,38990
08-08-2019 10:21,1117.75,1117.75,1115.5,1116.75,33651
08-08-2019 10:22,1117,1117,1115.75,1116,16491
08-08-2019 10:23,1116,1118,1116,1117.65,29857
08-08-2019 10:24,1117.65,1120.65,1117.3,1120.05,121781
08-08-2019 10:25,1120.3,1120.6,1119.1,1119.65,32115
08-08-2019 10:26,1119.5,1119.6,1118.65,1118.9,28159
08-08-2019 10:27,1118.85,1119.6,1118.6,1119.05,17266
08-08-2019 10:28,1119,1119.15,1118,1118,23646
08-08-2019 10:29,1117.7,1118,1117.15,1117.55,13715
08-08-2019 10:30,1117.65,1118.25,1117,1117.3,23314
08-08-2019 10:31,1117.35,1121.05,1117.35,1121.05,48565
08-08-2019 10:32,1120.85,1121.65,1120.65,1121.15,34221
08-08-2019 10:33,1121.25,1121.9,1121.05,1121.6,40643
08-08-2019 10:34,1121.5,1123.15,1121.3,1122.35,69993
08-08-2019 10:35,1122.2,1122.75,1121.55,1122.35,44353
08-08-2019 10:36,1122.3,1122.3,1120.05,1120.1,37095
08-08-2019 10:37,1120.25,1122,1120.1,1121.6,36921
08-08-2019 10:38,1121.6,1121.9,1121.05,1121.1,14640
08-08-2019 10:39,1121.2,1122.45,1121.1,1122,34134
08-08-2019 10:40,1122,1122.5,1121.4,1121.4,16814
08-08-2019 10:41,1121.35,1122,1120.9,1121.9,26574
08-08-2019 10:42,1122,1122,1121.7,1121.8,15872
08-08-2019 10:43,1121.95,1122.5,1121.8,1122.05,16870
08-08-2019 10:44,1122,1122.3,1121.5,1121.9,17675
08-08-2019 10:45,1121.85,1123,1121.25,1122.8,29526
08-08-2019 10:46,1122.9,1125.8,1122.9,1125,135717
08-08-2019 10:47,1124.95,1125.3,1123.7,1123.8,32394
08-08-2019 10:48,1123.75,1124.9,1123.55,1123.95,30844
08-08-2019 10:49,1123.75,1124.5,1123.75,1124,19079
08-08-2019 10:50,1123.8,1124.15,1122.15,1123,23611
08-08-2019 10:51,1122.7,1123.45,1121.8,1121.8,22403
08-08-2019 10:52,1121.6,1123.4,1121.6,1123.2,14649
08-08-2019 10:53,1123.25,1123.5,1122.65,1123.3,34597
08-08-2019 10:54,1123.55,1124.4,1123.55,1124.4,34133
08-08-2019 10:55,1124.25,1124.5,1123.4,1124.5,52556
08-08-2019 10:56,1124.55,1124.9,1123.55,1124,48501
08-08-2019 10:57,1123.8,1124.15,1122.75,1122.75,69191
08-08-2019 10:58,1122.7,1124,1122.7,1124,18998
08-08-2019 10:59,1124,1124,1122.1,1122.4,18647
08-08-2019 11:00,1122.4,1123,1122.1,1122.35,24067
08-08-2019 11:01,1122.35,1122.5,1121.95,1121.95,19253
08-08-2019 11:02,1122.2,1122.25,1121.45,1121.8,29278
08-08-2019 11:03,1121.8,1122.05,1121.5,1122,28107
08-08-2019 11:04,1122.1,1122.9,1120.35,1120.35,67054
08-08-2019 11:05,1120.5,1120.55,1119.8,1119.9,39712
08-08-2019 11:06,1119.75,1119.85,1118.3,1118.7,35436
08-08-2019 11:07,1118.8,1119.45,1117.95,1119.45,47649
08-08-2019 11:08,1119,1119.4,1118.5,1118.6,19941
08-08-2019 11:09,1118,1119.55,1117.85,1119.55,47688
08-08-2019 11:10,1119.55,1119.55,1118.4,1119.3,15432
08-08-2019 11:11,1119.3,1119.3,1117.7,1118.05,51535
08-08-2019 11:12,1118,1118.05,1117.8,1117.95,27000
08-08-2019 11:13,1118,1118,1117.7,1118,14553
08-08-2019 11:14,1117.95,1118,1117.6,1117.65,13245
08-08-2019 11:15,1117.65,1118,1117.4,1117.5,15810
08-08-2019 11:16,1117.4,1118,1116.75,1116.85,60362
08-08-2019 11:17,1116.5,1116.95,1115.7,1116.75,43415
08-08-2019 11:18,1116.75,1118,1116.2,1116.2,15413
08-08-2019 11:19,1116.4,1116.8,1116.15,1116.8,11495
08-08-2019 11:20,1116.6,1116.65,1116.15,1116.15,8794
08-08-2019 11:21,1116.15,1116.15,1115.15,1115.75,23684
08-08-2019 11:22,1115.95,1116.8,1115.95,1116.7,16930
08-08-2019 11:23,1116.4,1117.6,1116.1,1117,19167
08-08-2019 11:24,1116.6,1116.65,1115.5,1115.55,10449
08-08-2019 11:25,1115.5,1115.5,1114.2,1115,37246
08-08-2019 11:26,1114.75,1115.2,1114.5,1114.85,17753
08-08-2019 11:27,1114.55,1114.8,1112.05,1112.15,53773
08-08-2019 11:28,1112.15,1113.95,1112.15,1113.85,25820
08-08-2019 11:29,1114,1114.45,1113.5,1114.35,22258
08-08-2019 11:30,1114.35,1114.7,1113.9,1114.35,11784
08-08-2019 11:31,1114.35,1115,1114.05,1114.8,14754
08-08-2019 11:32,1114.65,1115.7,1114.65,1115.15,22830
08-08-2019 11:33,1115.1,1115.25,1114.05,1114.5,17386
08-08-2019 11:34,1114.4,1115.05,1114.1,1115.05,9262
08-08-2019 11:35,1115.05,1116.2,1115,1115.95,21192
08-08-2019 11:36,1115.95,1116.35,1115.5,1116.35,14609
08-08-2019 11:37,1116.35,1117.3,1116,1116.25,20684
08-08-2019 11:38,1116,1116.25,1116,1116.1,8584
08-08-2019 11:39,1116.15,1116.15,1115,1115.1,16696
08-08-2019 11:40,1115.05,1116.55,1115,1116.5,12420
08-08-2019 11:41,1116.5,1116.55,1115.05,1115.15,12303
08-08-2019 11:42,1115.15,1115.2,1115.1,1115.15,7559
08-08-2019 11:43,1115.15,1116.05,1115.15,1116,12234
08-08-2019 11:44,1115.95,1117.05,1115.8,1116.95,57502
08-08-2019 11:45,1117,1117.8,1117,1117.6,10838
08-08-2019 11:46,1117.6,1118,1117.6,1117.8,8310
08-08-2019 11:47,1117.75,1117.85,1117.5,1117.55,7227
08-08-2019 11:48,1117.55,1118,1117.4,1118,13711
08-08-2019 11:49,1118,1118,1117.55,1117.85,13267
08-08-2019 11:50,1117.55,1117.8,1117.3,1117.6,7207
08-08-2019 11:51,1117.45,1117.65,1117.45,1117.65,5767
08-08-2019 11:52,1117.55,1117.65,1116.3,1116.85,14601
08-08-2019 11:53,1116.2,1117,1115.55,1115.85,22571
08-08-2019 11:54,1115.05,1115.95,1114.75,1115,40290
08-08-2019 11:55,1115,1115,1114.5,1114.95,11766
08-08-2019 11:56,1114.8,1114.95,1114.15,1114.3,9791
08-08-2019 11:57,1114.3,1114.5,1114.15,1114.3,8165
08-08-2019 11:58,1114.2,1114.5,1113,1113.3,19026
08-08-2019 11:59,1113.65,1114.2,1113.35,1113.7,9831
08-08-2019 12:00,1113.5,1114.5,1113.45,1114.2,9844
08-08-2019 12:01,1114.45,1115,1114.45,1115,15410
08-08-2019 12:02,1114.9,1115,1114.7,1115,17025
08-08-2019 12:03,1115,1115,1114.2,1114.45,5998
08-08-2019 12:04,1114.45,1115,1114.45,1114.95,41903
08-08-2019 12:05,1115,1115.4,1114.65,1114.9,18299
08-08-2019 12:06,1114.95,1115.75,1114.6,1114.8,11007
08-08-2019 12:07,1115.1,1115.85,1114.8,1115.75,4373
08-08-2019 12:08,1115.75,1115.95,1114.6,1115.25,10984
08-08-2019 12:09,1115,1115.6,1114.75,1114.85,3928
08-08-2019 12:10,1114.75,1115.5,1114.75,1115.15,6962
08-08-2019 12:11,1114.85,1115.15,1114.1,1114.25,8387
08-08-2019 12:12,1114.3,1114.45,1114.05,1114.3,6556
08-08-2019 12:13,1114.1,1114.1,1112,1112.7,32759
08-08-2019 12:14,1112.7,1113,1112.55,1112.9,13905
08-08-2019 12:15,1112.9,1113.75,1112.6,1113.75,9446
08-08-2019 12:16,1113.6,1114.5,1113.15,1114.45,6943
08-08-2019 12:17,1114.25,1114.3,1113.2,1113.55,11891
08-08-2019 12:18,1113.7,1114.45,1113.45,1113.75,11513
08-08-2019 12:19,1113.6,1114,1113.25,1114,8283
08-08-2019 12:20,1114,1114.25,1113.35,1113.9,10871
08-08-2019 12:21,1113.9,1114.35,1113.6,1114.15,4443
08-08-2019 12:22,1114.1,1114.1,1113.8,1113.85,6292
08-08-2019 12:23,1113.9,1114,1110.15,1111.8,64188
08-08-2019 12:24,1111.7,1112.6,1111.4,1111.95,17135
08-08-2019 12:25,1112.1,1112.3,1111,1112.25,13602
08-08-2019 12:26,1112.25,1112.5,1111.65,1112.2,13461
08-08-2019 12:27,1112.2,1113,1112.2,1112.9,8452
08-08-2019 12:28,1112.9,1113.75,1112.65,1113.1,9684
08-08-2019 12:29,1113.15,1113.45,1113.1,1113.4,4734
08-08-2019 12:30,1113.4,1113.5,1112.5,1113.5,9720
08-08-2019 12:31,1113.25,1114.95,1113.25,1114.85,11773
08-08-2019 12:32,1114.7,1114.85,1114.05,1114.1,8075
08-08-2019 12:33,1114.05,1116.65,1114.05,1116,22934
08-08-2019 12:34,1116.2,1116.2,1115.35,1115.7,10597
08-08-2019 12:35,1115.75,1116.2,1115.4,1115.8,6861
08-08-2019 12:36,1115.35,1115.55,1114.55,1114.8,15039
08-08-2019 12:37,1114.8,1115,1114.7,1115,23487
08-08-2019 12:38,1114.75,1115,1114.65,1114.9,10821
08-08-2019 12:39,1114.85,1114.95,1114.35,1114.75,8771
08-08-2019 12:40,1114.6,1115.8,1114.6,1115.75,40073
08-08-2019 12:41,1115.4,1115.6,1115.4,1115.6,6767
08-08-2019 12:42,1115.6,1116,1115.6,1116,6812
08-08-2019 12:43,1115.8,1117.75,1115.8,1117.55,24838
08-08-2019 12:44,1117.45,1117.85,1117.35,1117.6,18635
08-08-2019 12:45,1117.6,1118,1117,1117.95,45729
08-08-2019 12:46,1117.95,1118,1117.6,1117.65,17565
08-08-2019 12:47,1117.5,1117.55,1116.85,1116.9,16776
08-08-2019 12:48,1116.9,1116.95,1116.3,1116.5,9916
08-08-2019 12:49,1116.5,1116.6,1116.5,1116.55,6304
08-08-2019 12:50,1116.5,1116.5,1115.9,1115.9,13049
08-08-2019 12:51,1115.9,1116.1,1115.65,1115.7,16534
08-08-2019 12:52,1115.7,1115.7,1114,1114,20310
08-08-2019 12:53,1114,1115,1114,1114.15,16930
08-08-2019 12:54,1114.2,1114.65,1113.9,1113.9,10650
08-08-2019 12:55,1113.9,1114.2,1113.4,1114.2,9542
08-08-2019 12:56,1114,1114.4,1113.75,1114,13030
08-08-2019 12:57,1114,1114,1113.9,1114,9789
08-08-2019 12:58,1114.05,1115,1114,1114.8,8118
08-08-2019 12:59,1114.8,1115,1114.8,1114.95,12902
08-08-2019 13:00,1115,1115,1113.95,1114.3,15890
08-08-2019 13:01,1114.1,1114.15,1113.25,1113.85,12626
08-08-2019 13:02,1113.85,1114,1113.85,1113.95,3179
08-08-2019 13:03,1113.95,1114,1112.25,1113.35,19896
08-08-2019 13:04,1113.5,1114.05,1113.35,1114,8194
08-08-2019 13:05,1114,1114,1113.9,1113.95,5595
08-08-2019 13:06,1113.95,1114.8,1113.95,1114.4,8617
08-08-2019 13:07,1114.3,1115,1114.3,1114.75,5740
08-08-2019 13:08,1114.7,1115,1114.7,1114.8,9950
08-08-2019 13:09,1114.8,1114.8,1113.05,1113.2,11437
08-08-2019 13:10,1113.7,1114.05,1113.55,1113.85,6373
08-08-2019 13:11,1113.85,1114.1,1113.85,1113.95,6327
08-08-2019 13:12,1113.95,1114.4,1113.95,1114.15,3144
08-08-2019 13:13,1114.6,1114.9,1114.15,1114.65,9665
08-08-2019 13:14,1114.7,1114.95,1114.1,1114.8,12112
08-08-2019 13:15,1114.65,1114.85,1114.2,1114.25,9968
08-08-2019 13:16,1114.2,1114.25,1113.05,1113.9,10401
08-08-2019 13:17,1113.95,1114.05,1113.9,1113.9,10687
08-08-2019 13:18,1113.85,1114.95,1113.8,1114.85,5794
08-08-2019 13:19,1114.85,1115,1114.7,1114.85,25658
08-08-2019 13:20,1114.85,1115,1114.4,1114.4,21569
08-08-2019 13:21,1114.4,1114.95,1114.3,1114.9,4860
08-08-2019 13:22,1114.9,1115,1114.9,1114.95,18179
08-08-2019 13:23,1114.95,1115,1114.95,1115,8591
08-08-2019 13:24,1115,1115,1114.95,1114.95,10938
08-08-2019 13:25,1114.95,1115,1114.85,1114.85,26135
08-08-2019 13:26,1114.85,1115,1114.15,1114.6,13212
08-08-2019 13:27,1114.45,1115,1114.4,1114.5,1513884
08-08-2019 13:28,1114.15,1115.75,1114.15,1114.3,27840
08-08-2019 13:29,1114.4,1114.85,1114.25,1114.85,8944
08-08-2019 13:30,1114.8,1114.85,1114.2,1114.25,10037
08-08-2019 13:31,1114.2,1115.6,1114.2,1115.5,11045
08-08-2019 13:32,1115.9,1116.3,1115.4,1116.25,30675
08-08-2019 13:33,1116.25,1116.9,1116.25,1116.65,16096
08-08-2019 13:34,1116.65,1118,1116.65,1117.8,30715
08-08-2019 13:35,1117.8,1117.8,1117,1117,14883
08-08-2019 13:36,1117,1118,1116.85,1117.95,15461
08-08-2019 13:37,1117.95,1118,1117.1,1117.1,11077
08-08-2019 13:38,1117.15,1117.15,1116.55,1116.6,17465
08-08-2019 13:39,1116.6,1117.75,1116.55,1117.05,28550
08-08-2019 13:40,1117.05,1117.9,1117,1117.55,16464
08-08-2019 13:41,1117.85,1117.95,1117,1117.1,13849
08-08-2019 13:42,1117.1,1117.65,1117.1,1117.6,13359
08-08-2019 13:43,1117.5,1118,1117.3,1117.9,10937
08-08-2019 13:44,1117.85,1117.85,1115.55,1116.55,22925
08-08-2019 13:45,1116.8,1116.8,1115.7,1116,15908
08-08-2019 13:46,1115.95,1116.8,1115.8,1116.8,7618
08-08-2019 13:47,1116.75,1116.75,1115.8,1116,12202
08-08-2019 13:48,1115.85,1116.95,1115.85,1116.9,9240
08-08-2019 13:49,1116.75,1116.95,1116.25,1116.35,13410
08-08-2019 13:50,1116.35,1117,1116.3,1116.9,10723
08-08-2019 13:51,1116.95,1117.75,1116.6,1116.95,14646
08-08-2019 13:52,1116.95,1117.9,1116.85,1117.75,8675
08-08-2019 13:53,1117.6,1118,1117.6,1118,9174
08-08-2019 13:54,1117.85,1118,1117,1117.05,13776
08-08-2019 13:55,1117.1,1117.1,1116.9,1117,8160
08-08-2019 13:56,1117.4,1118,1117,1117.85,9130
08-08-2019 13:57,1117.95,1117.95,1117,1117.35,8872
08-08-2019 13:58,1117.35,1120,1117.3,1120,79045
08-08-2019 13:59,1119.8,1120.95,1119.5,1120.8,29125
08-08-2019 14:00,1120.65,1120.95,1119,1119.3,16696
08-08-2019 14:01,1119.3,1120,1119,1119.4,19613
08-08-2019 14:02,1119.55,1120.7,1119.4,1120,17818
08-08-2019 14:03,1119.95,1120.5,1119.6,1120.2,10768
08-08-2019 14:04,1120,1120.8,1119.75,1120.5,14924
08-08-2019 14:05,1120.5,1120.9,1120.05,1120.5,8195
08-08-2019 14:06,1120.25,1122.4,1120.2,1121.75,58140
08-08-2019 14:07,1121.4,1121.8,1120.8,1121,19693
08-08-2019 14:08,1120.95,1121.35,1120.5,1121.35,17140
08-08-2019 14:09,1121.5,1121.5,1120.8,1121.15,13115
08-08-2019 14:10,1121.25,1121.45,1119.5,1120.2,31513
08-08-2019 14:11,1120.25,1120.9,1119.55,1120.6,21547
08-08-2019 14:12,1120.1,1120.4,1118.8,1119.7,24207
08-08-2019 14:13,1118.75,1119.7,1118.65,1119,14049
08-08-2019 14:14,1119.05,1119.8,1119.05,1119.65,9749
08-08-2019 14:15,1119.7,1119.7,1118.9,1119.3,22542
08-08-2019 14:16,1119.95,1121.5,1119,1121.4,36563
08-08-2019 14:17,1121.35,1121.6,1120.25,1120.25,24451
08-08-2019 14:18,1120.45,1121.1,1120.05,1120.6,24503
08-08-2019 14:19,1120.4,1121,1119.55,1119.7,13214
08-08-2019 14:20,1119.55,1120.55,1119.2,1120.1,16938
08-08-2019 14:21,1120.45,1120.95,1120,1120,9589
08-08-2019 14:22,1120.8,1121.3,1120.2,1120.5,16919
08-08-2019 14:23,1120.15,1120.95,1119.55,1120.75,17720
08-08-2019 14:24,1120.6,1122,1120.6,1121.8,20988
08-08-2019 14:25,1121.7,1124.65,1121.7,1123.1,60666
08-08-2019 14:26,1123.75,1125,1123.75,1124.7,52615
08-08-2019 14:27,1124.95,1128,1124.75,1128,84202
08-08-2019 14:28,1128,1128,1126.3,1127.1,46641
08-08-2019 14:29,1126.85,1128.65,1126.85,1128.45,46580
08-08-2019 14:30,1128.25,1129.8,1128.25,1129.65,69335
08-08-2019 14:31,1129.95,1131.45,1129,1129.2,92810
08-08-2019 14:32,1129.25,1133.1,1129.25,1133.1,96129
08-08-2019 14:33,1133.75,1133.9,1132,1132,92606
08-08-2019 14:34,1132.15,1134.85,1132.05,1134,55963
08-08-2019 14:35,1134.05,1134.7,1133.5,1134.35,46085
08-08-2019 14:36,1135.9,1139.25,1135.9,1138.4,187558
08-08-2019 14:37,1138.25,1138.25,1135.25,1136.65,91574
08-08-2019 14:38,1136.2,1139.75,1136,1139.75,83685
08-08-2019 14:39,1139.45,1140,1138.15,1139.1,87338
08-08-2019 14:40,1139.05,1143,1139.05,1143,109374
08-08-2019 14:41,1142.6,1145.55,1142.6,1144.6,160403
08-08-2019 14:42,1144.7,1145.95,1141.6,1142.1,131889
08-08-2019 14:43,1142,1142.8,1139,1139.5,89158
08-08-2019 14:44,1139.85,1142,1139.85,1141.3,56166
08-08-2019 14:45,1141.15,1145,1141.15,1143.25,94297
08-08-2019 14:46,1143.85,1146.55,1143.5,1146.15,81454
08-08-2019 14:47,1146.55,1148.35,1146,1147.05,145924
08-08-2019 14:48,1146.9,1148.6,1146.3,1147.3,103626
08-08-2019 14:49,1147.15,1148.75,1145.45,1145.45,79963
08-08-2019 14:50,1145.4,1145.75,1143.5,1143.75,54668
08-08-2019 14:51,1143.75,1143.9,1142.2,1143.2,52571
08-08-2019 14:52,1143.2,1144.45,1143.2,1143.95,42253
08-08-2019 14:53,1144,1147.45,1144,1146.85,48219
08-08-2019 14:54,1146.85,1148,1144.4,1147.9,80249
08-08-2019 14:55,1148.4,1148.95,1148,1148.7,88340
08-08-2019 14:56,1148.4,1148.5,1145.5,1145.9,84144
08-08-2019 14:57,1145.85,1149,1145.8,1149,53347
08-08-2019 14:58,1149.15,1149.5,1147.65,1148.8,57824
08-08-2019 14:59,1149.3,1151,1148.55,1150.95,124632
08-08-2019 15:00,1150.85,1152,1150.85,1151.25,104539
08-08-2019 15:01,1151.4,1152.65,1151.4,1152.4,70757
08-08-2019 15:02,1152.35,1154.75,1152.25,1154.75,118383
08-08-2019 15:03,1154.45,1154.45,1152.45,1152.5,89327
08-08-2019 15:04,1152.55,1152.55,1150.1,1151.5,75438
08-08-2019 15:05,1150.75,1151.4,1150.25,1150.75,71879
08-08-2019 15:06,1150.6,1152.75,1150.6,1152.3,65289
08-08-2019 15:07,1152.2,1152.2,1150.45,1150.8,59402
08-08-2019 15:08,1151,1151.65,1150.05,1150.05,67255
08-08-2019 15:09,1150,1150.2,1149,1149.7,62460
08-08-2019 15:10,1149.4,1149.65,1147.95,1148,61441
08-08-2019 15:11,1147.95,1148.95,1147.55,1148.1,73099
08-08-2019 15:12,1148.3,1149,1148,1148.85,48994
08-08-2019 15:13,1148.9,1148.9,1148.4,1148.65,32141
08-08-2019 15:14,1148.65,1149,1148.55,1149,59141
08-08-2019 15:15,1148.9,1149.5,1148.3,1149.5,65595
08-08-2019 15:16,1148.95,1150.05,1148.9,1149.9,68926
08-08-2019 15:17,1149.95,1150.55,1149.25,1150.3,45069
08-08-2019 15:18,1150.45,1152.8,1150.1,1152.8,72608
08-08-2019 15:19,1152.8,1153.8,1152.55,1153.1,72739
08-08-2019 15:20,1152.85,1154.55,1152.8,1154.4,46957
08-08-2019 15:21,1154.35,1155.95,1154.35,1155.65,72330
08-08-2019 15:22,1155.65,1156.5,1154.7,1156.15,72531
08-08-2019 15:23,1156.1,1157.5,1155.55,1155.9,74437
08-08-2019 15:24,1155.35,1156,1154.05,1154.7,51418
08-08-2019 15:25,1154.4,1155.45,1154.3,1155.25,39750
08-08-2019 15:26,1155.3,1157,1155.25,1156.7,39975
08-08-2019 15:27,1156.85,1157.25,1156.25,1156.9,47788
08-08-2019 15:28,1156.85,1156.95,1156,1156.8,57630
08-08-2019 15:29,1156.7,1158,1156.2,1157.95,69955
