<Date>,<OPEN>,<HIGH>,<LOW>,<CLOSE>,<VOL>
2019-08-20 13:08:00,415.25,415.6,415.1,415.55,23425
2019-08-20 13:09:00,415.55,415.6,415.4,415.6,29302
2019-08-20 13:10:00,415.5,415.55,415.25,415.5,22217
2019-08-20 13:11:00,415.55,415.8,415.55,415.75,19510
2019-08-20 13:12:00,415.75,415.8,415.7,415.75,11802
2019-08-20 13:13:00,415.8,415.8,415.4,415.55,23171
2019-08-20 13:14:00,415.5,416,415.5,415.9,18421
2019-08-20 13:15:00,415.9,416,415.85,416,33886
2019-08-20 13:16:00,416,416.8,415.9,416,187552
2019-08-20 13:17:00,416.15,417.95,416,417.6,98673
2019-08-20 13:18:00,417.7,417.9,417.3,417.75,43058
2019-08-20 13:19:00,417.55,418.65,417.35,418.2,96858
2019-08-20 13:20:00,418.15,418.6,418.15,418.35,47392
2019-08-20 13:21:00,418.15,418.4,417.95,418,50108
2019-08-20 13:22:00,417.95,418.15,417.55,417.7,38438
2019-08-20 13:23:00,417.55,418.25,417.55,418.15,29388
2019-08-20 13:24:00,418.15,418.2,417.8,417.85,20679
2019-08-20 13:25:00,417.9,418.05,417.6,417.75,40382
2019-08-20 13:26:00,417.95,418.05,417.55,417.95,38337
2019-08-20 13:27:00,417.85,417.95,417.85,417.85,22681
2019-08-20 13:28:00,418.3,418.5,418,418.35,34093
2019-08-20 13:29:00,418.25,418.4,418.05,418.35,30187
2019-08-20 13:30:00,418.35,419,418.35,419,73923
2019-08-20 13:31:00,419,419,418.5,418.55,62835
2019-08-20 13:32:00,418.75,418.75,418.6,418.6,16985
2019-08-20 13:33:00,418.7,418.7,418.1,418.1,31878
2019-08-20 13:34:00,418.1,418.25,418,418.05,62004
2019-08-20 13:35:00,418,418.15,418,418.1,33601
2019-08-20 13:36:00,418.15,418.5,418.15,418.5,22347
2019-08-20 13:37:00,418.5,418.5,418.15,418.2,15731
2019-08-20 13:38:00,418.2,418.6,418.2,418.6,61407
2019-08-20 13:39:00,418.65,418.9,418.15,418.2,40310
2019-08-20 13:40:00,418.25,418.3,418.05,418.25,25505
2019-08-20 13:41:00,418.3,418.45,417.85,418.05,97796
2019-08-20 13:42:00,418,418.1,417.95,418,102341
2019-08-20 13:43:00,418,418.05,417.95,418,83008
2019-08-20 13:44:00,418.05,418.95,418,418.85,41104
2019-08-20 13:45:00,418.85,418.9,418.1,418.35,31122
2019-08-20 13:46:00,418.35,418.35,418,418.15,21295
2019-08-20 13:47:00,418.15,418.15,417.75,417.75,61340
2019-08-20 13:48:00,417.85,417.95,417.6,417.7,33445
2019-08-20 13:49:00,417.65,417.95,417.65,417.9,21543
2019-08-20 13:50:00,417.9,418.25,416.8,416.9,111750
2019-08-20 13:51:00,416.95,417.1,416.5,416.5,78936
2019-08-20 13:52:00,416.45,417.3,416.3,417,53797
2019-08-20 13:53:00,417.15,417.15,416.75,416.9,18420
2019-08-20 13:54:00,416.95,417.6,416.9,417.6,26343
2019-08-20 13:55:00,417.55,417.7,417.35,417.6,25218
2019-08-20 13:56:00,417.3,417.55,417,417.1,27501
2019-08-20 13:57:00,417,417.5,416.95,417.5,23404
2019-08-20 13:58:00,417.45,417.7,417.45,417.55,14985
2019-08-20 13:59:00,417.5,417.65,417.45,417.6,19774
2019-08-20 14:00:00,417.65,418.5,417.6,418.5,67609
2019-08-20 14:01:00,418.4,418.5,418.05,418.15,23368
2019-08-20 14:02:00,418.1,418.4,418.05,418.25,33103
2019-08-20 14:03:00,418.25,418.95,418.25,418.65,41277
2019-08-20 14:04:00,418.6,418.6,417.9,417.95,26730
2019-08-20 14:05:00,418.05,418.45,417.9,418.25,24531
2019-08-20 14:06:00,418.2,418.35,418.2,418.3,26957
2019-08-20 14:07:00,418.35,418.35,417.75,417.95,21610
2019-08-20 14:08:00,417.95,418,417.75,418,26267
2019-08-20 14:09:00,418,418.15,417.85,418,21187
2019-08-20 14:10:00,418,418,417.85,417.9,21217
2019-08-20 14:11:00,417.9,417.9,417.35,417.75,44036
2019-08-20 14:12:00,417.8,417.8,417.6,417.7,17183
2019-08-20 14:13:00,417.7,418.15,417.65,418.15,19931
2019-08-20 14:14:00,418.15,418.15,417.95,418.05,15453
2019-08-20 14:15:00,418.05,418.05,417.75,417.85,21313
2019-08-20 14:16:00,417.85,418.15,417.75,417.85,24459
2019-08-20 14:17:00,417.75,417.75,417.2,417.5,35441
2019-08-20 14:18:00,417.5,418.1,417.45,418.05,22759
2019-08-20 14:19:00,418.05,418.1,417.85,417.95,15534
2019-08-20 14:20:00,417.95,418.25,417.8,418.15,25365
2019-08-20 14:21:00,418.25,418.4,418.1,418.35,18717
2019-08-20 14:22:00,418.4,418.4,418.1,418.2,15566
2019-08-20 14:23:00,418.2,418.2,417.85,417.85,11514
2019-08-20 14:24:00,417.9,418.1,417.8,418,11436
2019-08-20 14:25:00,418.15,418.2,418.05,418.1,11624
2019-08-20 14:26:00,418.1,418.1,417.9,417.95,22745
2019-08-20 14:27:00,417.9,418.3,417.9,418.2,29393
2019-08-20 14:28:00,418.3,418.75,418.25,418.65,40926
2019-08-20 14:29:00,418.7,418.85,418.5,418.6,39621
2019-08-20 14:30:00,418.5,418.8,418.5,418.8,27692
2019-08-20 14:31:00,418.8,418.8,418.35,418.35,13645
2019-08-20 14:32:00,418.2,418.55,418.15,418.5,25090
2019-08-20 14:33:00,418.45,418.45,418,418.25,21164
2019-08-20 14:34:00,418.35,418.5,418.25,418.35,14366
2019-08-20 14:35:00,418.35,418.35,418.2,418.35,13847
2019-08-20 14:36:00,418.35,418.35,418.25,418.3,13964
2019-08-20 14:37:00,418.1,418.2,417.75,418.1,39750
2019-08-20 14:38:00,418.15,418.15,417.65,417.65,23953
2019-08-20 14:39:00,417.6,417.9,417.6,417.85,33070
2019-08-20 14:40:00,417.85,418.1,417.65,417.8,46759
2019-08-20 14:41:00,417.8,417.9,417.1,417.1,59327
2019-08-20 14:42:00,417.15,417.15,416.7,416.8,57976
2019-08-20 14:43:00,416.9,417,416.3,416.4,65584
2019-08-20 14:44:00,416.45,417,416.3,416.75,56567
2019-08-20 14:45:00,416.55,416.7,416.25,416.3,36957
2019-08-20 14:46:00,416.25,416.25,415.6,415.75,75085
2019-08-20 14:47:00,415.75,416.3,415.5,415.8,59095
2019-08-20 14:48:00,415.85,416.15,415.75,416,27547
2019-08-20 14:49:00,415.95,416.35,415.95,416.3,38567
2019-08-20 14:50:00,416.25,416.25,415.85,415.9,24421
2019-08-20 14:51:00,416,416.3,415.95,416.3,29835
2019-08-20 14:52:00,416.2,416.3,415.85,416.15,34152
2019-08-20 14:53:00,416.1,416.5,416.05,416.3,32518
2019-08-20 14:54:00,416.15,416.5,416.1,416.45,16615
2019-08-20 14:55:00,416.4,417,416.2,417,37411
2019-08-20 14:56:00,417,417.5,417,417.4,25638
2019-08-20 14:57:00,417.4,417.4,417,417.05,41252
2019-08-20 14:58:00,417,417.35,417,417.25,14554
2019-08-20 14:59:00,417.25,417.3,417,417.15,18428
2019-08-20 15:00:00,417.15,417.15,417,417.15,30540
2019-08-20 15:01:00,417.1,417.35,417.1,417.35,36022
2019-08-20 15:02:00,417.35,417.5,417.1,417.15,45524
2019-08-20 15:03:00,417.15,417.15,417,417.1,31442
2019-08-20 15:04:00,417.1,417.1,417.05,417.05,26485
2019-08-20 15:05:00,417.05,417.1,417,417.1,35239
2019-08-20 15:06:00,417.1,417.1,417,417.05,33272
2019-08-20 15:07:00,417,417.55,417,417.35,67547
2019-08-20 15:08:00,417.35,417.35,417,417.05,46258
2019-08-20 15:09:00,417.1,417.25,417,417.1,43262
2019-08-20 15:10:00,417.1,417.35,417,417.35,72940
2019-08-20 15:11:00,417.3,417.35,417.25,417.25,57983
2019-08-20 15:12:00,417.3,417.3,417.25,417.3,80575
2019-08-20 15:13:00,417.3,417.3,417.25,417.3,44135
2019-08-20 15:14:00,417.3,417.35,417.25,417.35,56173
2019-08-20 15:15:00,417.35,417.55,417.35,417.5,99325
2019-08-20 15:16:00,417.3,417.45,417.25,417.25,78506
2019-08-20 15:17:00,417.3,417.3,416.45,416.45,59392
2019-08-20 15:18:00,416.15,416.75,415.3,416.5,234322
2019-08-20 15:19:00,416.6,416.6,416.35,416.45,56615
2019-08-20 15:20:00,416.5,416.5,416.4,416.45,38179
2019-08-20 15:21:00,416.4,417.1,416.4,417.1,59773
2019-08-20 15:22:00,417.1,417.35,417,417.15,61236
2019-08-20 15:23:00,417.15,417.2,416.6,416.9,73752
2019-08-20 15:24:00,416.9,417,416.8,416.9,38214
2019-08-20 15:25:00,416.95,417.35,416.9,417.3,51116
2019-08-20 15:26:00,417.3,417.4,416.9,416.95,49825
2019-08-20 15:27:00,416.95,417.1,416.7,416.7,42933
2019-08-20 15:28:00,416.8,416.8,416.4,416.6,41262
2019-08-20 15:29:00,416.55,416.65,416.45,416.6,19306
2019-08-21 09:15:00,416,415.85,415.55,415.85,7901
2019-08-21 09:16:00,415.75,416.3,415.5,416.05,185354
2019-08-21 09:17:00,416.05,417,416.05,416.7,80352
2019-08-21 09:18:00,416.7,416.75,416.45,416.5,42841
2019-08-21 09:19:00,416.45,416.6,416.2,416.3,42166
2019-08-21 09:20:00,416.3,416.55,416,416.2,16639
2019-08-21 09:21:00,416,416.4,416,416.35,17908
2019-08-21 09:22:00,416.35,416.55,416.25,416.3,24506
2019-08-21 09:23:00,416.4,416.9,416.3,416.75,20455
2019-08-21 09:24:00,416.85,417,416.75,417,115936
2019-08-21 09:25:00,417,417.45,417,417.05,73563
2019-08-21 09:26:00,417.05,417.05,416.1,416.4,39856
2019-08-21 09:27:00,416.2,416.3,415.75,416.3,55983
2019-08-21 09:28:00,416.3,416.55,416.3,416.45,9974
2019-08-21 09:29:00,416.45,416.65,416.45,416.65,24410
2019-08-21 09:30:00,416.65,416.65,416.1,416.35,19380
2019-08-21 09:31:00,416.2,416.45,415.85,416.1,54841
2019-08-21 09:32:00,416.05,416.25,415.95,416.25,27659
2019-08-21 09:33:00,416.25,416.5,416.25,416.3,18661
2019-08-21 09:34:00,416.1,416.2,415.8,415.85,24281
2019-08-21 09:35:00,415.85,416,415.7,415.85,29391
2019-08-21 09:36:00,415.85,416.2,415.8,416,19766
2019-08-21 09:37:00,416,416.1,415.8,416,13942
2019-08-21 09:38:00,416.05,416.05,415.7,415.85,21985
2019-08-21 09:39:00,415.8,415.85,415.5,415.65,15082
2019-08-21 09:40:00,415.6,415.9,415.5,415.8,23849
2019-08-21 09:41:00,415.75,416.05,415.7,416,19177
2019-08-21 09:42:00,416,416.2,415.95,416.2,80410
2019-08-21 09:43:00,416.15,416.2,416,416,29676
2019-08-21 09:44:00,416.1,416.1,415.75,415.8,26615
2019-08-21 09:45:00,415.7,415.8,415.5,415.8,25493
2019-08-21 09:46:00,415.8,416.1,415.75,416.1,152964
2019-08-21 09:47:00,415.9,416.1,415.9,416,35629
2019-08-21 09:48:00,416,416.5,416,416.5,70726
2019-08-21 09:49:00,416.5,416.5,416.45,416.45,35242
2019-08-21 09:50:00,416.5,416.5,416.45,416.45,19102
2019-08-21 09:51:00,416.5,416.5,416.05,416.2,18127
2019-08-21 09:52:00,416.05,416.2,415.9,415.9,34188
2019-08-21 09:53:00,416,416.2,416,416.2,414631
2019-08-21 09:54:00,416.2,416.5,416.15,416.4,64874
2019-08-21 09:55:00,416.4,416.5,416.25,416.5,22028
2019-08-21 09:56:00,416.45,416.85,416.45,416.45,61936
2019-08-21 09:57:00,416.5,416.6,416.3,416.55,28696
2019-08-21 09:58:00,416.5,416.55,416.2,416.3,24557
2019-08-21 09:59:00,416.3,416.35,416.3,416.3,7561
2019-08-21 10:00:00,416.35,416.75,416,416.65,155816
2019-08-21 10:01:00,416.65,416.65,416.55,416.6,13314
2019-08-21 10:02:00,416.55,417.1,416.55,416.9,74356
2019-08-21 10:03:00,416.8,417.2,416.8,417.2,26395
2019-08-21 10:04:00,417.15,417.25,417,417.15,38391
2019-08-21 10:05:00,417.15,417.4,417.15,417.35,17945
2019-08-21 10:06:00,417.45,417.75,417.1,417.75,30785
2019-08-21 10:07:00,417.75,418.1,417.35,417.75,65851
2019-08-21 10:08:00,417.95,417.95,417.7,417.8,34855
2019-08-21 10:09:00,417.65,417.95,417.6,417.9,21897
2019-08-21 10:10:00,417.9,418.1,417.6,418,40813
2019-08-21 10:11:00,418.05,418.1,417.6,418,352017
2019-08-21 10:12:00,418,418.05,417.9,418,29311
2019-08-21 10:13:00,418,418,417.5,417.65,61611
2019-08-21 10:14:00,417.5,417.75,417.5,417.55,31726
2019-08-21 10:15:00,417.55,417.55,417,417.35,56601
2019-08-21 10:16:00,417.3,417.7,417.2,417.7,29980
2019-08-21 10:17:00,417.55,417.8,417.55,417.8,27328
2019-08-21 10:18:00,417.8,417.9,417.5,417.5,33012
2019-08-21 10:19:00,417.6,417.85,417.5,417.6,33302
2019-08-21 10:20:00,417.55,417.65,417.3,417.6,28613
2019-08-21 10:21:00,417.5,417.6,417.35,417.4,18534
2019-08-21 10:22:00,417.5,417.55,417.3,417.5,14449
2019-08-21 10:23:00,417.5,417.6,417.5,417.6,14948
2019-08-21 10:24:00,417.45,417.6,417.4,417.5,8574
2019-08-21 10:25:00,417.5,417.8,417.45,417.8,60051
2019-08-21 10:26:00,417.75,417.8,417.65,417.8,17295
2019-08-21 10:27:00,417.8,417.8,417.75,417.8,9646
2019-08-21 10:28:00,417.75,417.8,417.75,417.8,12151
2019-08-21 10:29:00,417.75,417.8,417.75,417.8,4893
2019-08-21 10:30:00,417.8,417.8,417.3,417.3,17769
2019-08-21 10:31:00,417.3,417.5,417.3,417.5,9234
2019-08-21 10:32:00,417.4,417.55,417.4,417.5,6461
2019-08-21 10:33:00,417.5,417.5,417.3,417.35,6904
2019-08-21 10:34:00,417.35,417.5,417.15,417.45,30408
2019-08-21 10:35:00,417.45,417.5,417.45,417.45,4072
2019-08-21 10:36:00,417.45,417.5,417.35,417.5,7072
2019-08-21 10:37:00,417.5,417.5,417.3,417.3,6492
2019-08-21 10:38:00,417.3,417.4,417.15,417.2,9603
2019-08-21 10:39:00,417.2,417.45,417.1,417.25,20333
2019-08-21 10:40:00,417.25,417.35,417.2,417.3,20554
2019-08-21 10:41:00,417.3,417.35,417.2,417.35,6840
2019-08-21 10:42:00,417.3,417.35,417.25,417.35,6001
2019-08-21 10:43:00,417.35,417.45,417.25,417.45,6102
2019-08-21 10:44:00,417.45,417.7,417.4,417.7,10476
2019-08-21 10:45:00,417.4,417.7,417.4,417.7,4623
2019-08-21 10:46:00,417.7,417.75,417.5,417.5,9737
2019-08-21 10:47:00,417.5,417.7,417.35,417.6,16760
2019-08-21 10:48:00,417.6,417.65,417.5,417.65,6381
2019-08-21 10:49:00,417.65,417.7,417.3,417.3,6741
2019-08-21 10:50:00,417.45,417.55,417.3,417.5,5956
2019-08-21 10:51:00,417.5,417.5,417.3,417.4,4475
2019-08-21 10:52:00,417.4,417.4,416.9,417.05,149431
2019-08-21 10:53:00,417.05,417.1,417,417,16726
2019-08-21 10:54:00,417.1,417.2,417.05,417.2,9437
2019-08-21 10:55:00,417.2,417.2,417,417,14405
2019-08-21 10:56:00,417.1,417.25,417,417.05,15503
2019-08-21 10:57:00,417.05,417.05,416.65,416.95,28371
2019-08-21 10:58:00,416.9,417.1,416.9,417,14534
2019-08-21 10:59:00,417,417.05,416.85,416.95,20166
2019-08-21 11:00:00,417,417.15,416.85,417.1,17897
2019-08-21 11:01:00,417.15,417.45,417.1,417.4,10852
2019-08-21 11:02:00,417.45,417.5,417.3,417.35,10175
2019-08-21 11:03:00,417.5,417.6,417.35,417.5,6668
2019-08-21 11:04:00,417.5,417.5,417,417.2,14541
2019-08-21 11:05:00,417.25,417.3,417.1,417.25,4617
2019-08-21 11:06:00,417.25,417.25,416.8,417.05,11849
2019-08-21 11:07:00,417,417.05,416.95,417,16449
2019-08-21 11:08:00,417,417.05,416.8,416.95,35309
2019-08-21 11:09:00,416.95,417.05,416.7,416.9,19023
2019-08-21 11:10:00,416.8,417.05,416.75,417,24498
2019-08-21 11:11:00,417.05,417.1,417,417.1,6549
2019-08-21 11:12:00,417.1,417.15,416.8,417,12003
2019-08-21 11:13:00,417,417.05,416.75,417.05,21667
2019-08-21 11:14:00,417.05,417.1,416.85,417.1,13622
2019-08-21 11:15:00,417.1,417.2,416.8,417.05,16665
2019-08-21 11:16:00,416.95,417.1,416.85,417,11883
2019-08-21 11:17:00,417.1,417.35,416.9,417.3,8879
2019-08-21 11:18:00,417.3,417.4,417.2,417.35,9245
2019-08-21 11:19:00,417.35,417.45,417.25,417.45,6324
2019-08-21 11:20:00,417.45,417.5,417.35,417.5,15875
2019-08-21 11:21:00,417.5,417.75,417.2,417.7,35153
2019-08-21 11:22:00,417.7,417.8,417.7,417.75,21297
2019-08-21 11:23:00,417.8,417.95,417.75,417.8,21745
2019-08-21 11:24:00,417.9,417.9,417.55,417.8,23285
2019-08-21 11:25:00,417.85,418.15,417.8,418,90728
2019-08-21 11:26:00,418.15,418.65,418.05,418.55,51367
2019-08-21 11:27:00,418.6,418.6,418.05,418.15,25029
2019-08-21 11:28:00,418.15,418.2,418,418.15,24419
2019-08-21 11:29:00,418,418.45,418,418.2,68097
2019-08-21 11:30:00,418.2,418.2,418,418.1,14147
2019-08-21 11:31:00,418,418.2,418,418.2,6460
2019-08-21 11:32:00,418.2,418.2,418.1,418.2,4767
2019-08-21 11:33:00,418.15,418.3,418.15,418.3,12805
2019-08-21 11:34:00,418.25,418.35,418.25,418.35,15146
2019-08-21 11:35:00,418.35,418.5,418.3,418.4,19161
2019-08-21 11:36:00,418.4,418.5,418.3,418.4,8567
2019-08-21 11:37:00,418.4,418.45,418.4,418.4,8680
2019-08-21 11:38:00,418.45,418.45,418.05,418.1,12137
2019-08-21 11:39:00,418.2,418.2,418,418,38895
2019-08-21 11:40:00,418,418.2,418,418.15,15421
2019-08-21 11:41:00,418.2,418.2,418,418.2,14272
2019-08-21 11:42:00,418.2,418.2,418,418,11833
2019-08-21 11:43:00,418.05,418.15,418,418,17410
2019-08-21 11:44:00,418,418.1,417.8,417.8,105253
2019-08-21 11:45:00,417.8,417.9,417.8,417.9,13296
2019-08-21 11:46:00,417.8,418,417.8,418,38544
2019-08-21 11:47:00,418.2,418.2,418.1,418.15,17440
2019-08-21 11:48:00,418.15,418.2,417.8,418,45588
2019-08-21 11:49:00,418,418.05,418,418,23325
2019-08-21 11:50:00,418,418.05,417.3,417.45,68904
2019-08-21 11:51:00,417.55,417.6,417.05,417.15,36237
2019-08-21 11:52:00,417.35,417.5,417.15,417.4,45724
2019-08-21 11:53:00,417.4,417.55,417.25,417.4,17368
2019-08-21 11:54:00,417.45,417.45,417.2,417.3,17615
2019-08-21 11:55:00,417.25,417.35,416.75,417.1,125103
2019-08-21 11:56:00,417,417.3,417,417.25,27471
2019-08-21 11:57:00,417.2,417.3,417.2,417.2,12222
2019-08-21 11:58:00,417.25,417.25,417,417.1,12889
2019-08-21 11:59:00,417.1,417.2,416.9,417.15,25229
2019-08-21 12:00:00,417.15,417.2,416.7,416.95,50116
2019-08-21 12:01:00,416.95,417,416.25,416.4,166557
2019-08-21 12:02:00,416.6,416.8,416.3,416.5,35295
2019-08-21 12:03:00,416.6,416.7,416.5,416.65,33608
2019-08-21 12:04:00,416.55,416.7,416.4,416.5,21012
2019-08-21 12:05:00,416.6,416.65,416.5,416.65,14768
2019-08-21 12:06:00,416.7,416.9,416.6,416.6,21687
2019-08-21 12:07:00,416.6,416.8,416.6,416.6,8604
2019-08-21 12:08:00,416.6,416.7,416.2,416.25,25834
2019-08-21 12:09:00,416.25,416.3,416,416.05,58952
2019-08-21 12:10:00,416,416.2,416,416.2,33828
2019-08-21 12:11:00,416.2,416.4,416.2,416.25,21786
2019-08-21 12:12:00,416.25,416.3,416.15,416.2,12388
2019-08-21 12:13:00,416.2,416.45,416.15,416.45,9954
2019-08-21 12:14:00,416.35,416.5,416.3,416.3,11009
2019-08-21 12:15:00,416.4,416.45,416.2,416.35,12375
2019-08-21 12:16:00,416.3,416.45,416,416.1,23473
2019-08-21 12:17:00,416.05,416.1,415.55,415.85,63404
2019-08-21 12:18:00,415.95,416,415.8,415.95,12884
2019-08-21 12:19:00,415.95,415.95,415.75,415.75,11839
2019-08-21 12:20:00,415.75,415.9,415.7,415.8,11119
2019-08-21 12:21:00,415.9,415.9,415.8,415.9,25257
2019-08-21 12:22:00,415.9,416.2,415.85,416.15,32426
2019-08-21 12:23:00,416.15,416.2,416,416.2,5749
2019-08-21 12:24:00,416.2,416.25,416.15,416.15,15047
2019-08-21 12:25:00,416.25,416.6,416.15,416.6,15545
2019-08-21 12:26:00,416.6,416.7,416.6,416.6,8054
2019-08-21 12:27:00,416.65,416.7,416.45,416.65,6758
2019-08-21 12:28:00,416.65,416.65,416.5,416.65,4815
2019-08-21 12:29:00,416.7,416.95,416.45,416.8,22664
2019-08-21 12:30:00,416.75,416.95,416.75,416.9,13111
2019-08-21 12:31:00,416.9,417.3,416.9,417.2,19428
2019-08-21 12:32:00,417.2,417.45,417.2,417.35,15213
2019-08-21 12:33:00,417.35,417.35,417.05,417.15,20396
2019-08-21 12:34:00,417.15,417.25,417.05,417.15,23273
2019-08-21 12:35:00,417.2,417.3,417.15,417.25,15745
2019-08-21 12:36:00,417.3,417.4,417.2,417.35,12914
2019-08-21 12:37:00,417.25,417.3,417.1,417.2,11176
2019-08-21 12:38:00,417.25,417.35,417.2,417.35,11340
2019-08-21 12:39:00,417.3,417.4,417.3,417.3,6799
2019-08-21 12:40:00,417.35,417.35,417.05,417.05,43477
2019-08-21 12:41:00,417.1,417.2,417.05,417.15,79551
2019-08-21 12:42:00,417.05,417.2,417.05,417.05,21941
2019-08-21 12:43:00,417.05,417.15,416.9,417.05,14000
2019-08-21 12:44:00,417,417.05,416.9,416.9,7639
2019-08-21 12:45:00,417,417.15,417,417.05,15770
2019-08-21 12:46:00,417.05,417.05,417,417.05,7215
2019-08-21 12:47:00,417.05,417.05,416.6,416.7,13021
2019-08-21 12:48:00,416.7,416.85,416.7,416.8,7349
2019-08-21 12:49:00,416.85,416.85,416.4,416.4,17558
2019-08-21 12:50:00,416.4,416.5,416.1,416.2,32022
2019-08-21 12:51:00,416.2,416.2,415.9,416.15,31703
2019-08-21 12:52:00,416.15,416.2,415.85,415.85,19803
2019-08-21 12:53:00,416.1,416.3,416,416.3,15243
2019-08-21 12:54:00,416.25,416.35,416.25,416.3,7889
2019-08-21 12:55:00,416.3,416.45,416.3,416.45,4911
2019-08-21 12:56:00,416.45,416.55,416.3,416.35,16354
2019-08-21 12:57:00,416.35,416.45,416.3,416.45,3050
2019-08-21 12:58:00,416.45,417,416.35,417,23343
2019-08-21 12:59:00,416.75,417.05,416.75,417.05,7021
2019-08-21 13:00:00,417.05,417.1,417,417.05,7917
2019-08-21 13:01:00,417.05,417.1,416.8,417,13566
2019-08-21 13:02:00,417,417,416.9,416.9,7390
2019-08-21 13:03:00,416.9,417,416.85,416.9,12396
2019-08-21 13:04:00,416.8,416.85,416.7,416.85,4808
2019-08-21 13:05:00,416.85,416.85,416.5,416.75,12443
2019-08-21 13:06:00,416.7,416.85,416.65,416.75,14323
2019-08-21 13:07:00,416.7,416.85,416.5,416.85,9312
2019-08-21 13:08:00,416.85,416.9,416.65,416.8,8201
2019-08-21 13:09:00,416.7,417,416.5,416.5,12223
2019-08-21 13:10:00,416.65,416.85,416.55,416.85,8536
2019-08-21 13:11:00,416.8,416.9,416.7,416.9,10543
2019-08-21 13:12:00,416.9,416.95,416.85,416.95,9402
2019-08-21 13:13:00,416.95,417.1,416.95,417.1,19056
2019-08-21 13:14:00,417.1,417.15,417.1,417.15,7047
2019-08-21 13:15:00,417.15,417.4,417,417.35,42571
2019-08-21 13:16:00,417.35,417.45,417.1,417.35,11457
2019-08-21 13:17:00,417.4,417.7,417.35,417.65,46160
2019-08-21 13:18:00,417.65,417.8,417.55,417.65,21212
2019-08-21 13:19:00,417.65,417.75,417.4,417.4,25768
2019-08-21 13:20:00,417.4,417.45,417.05,417.05,12315
2019-08-21 13:21:00,417.05,417.25,416.75,416.9,14750
2019-08-21 13:22:00,416.9,417,416.85,416.85,7915
2019-08-21 13:23:00,416.75,416.75,414.5,414.7,176109
2019-08-21 13:24:00,414.65,415.35,414.65,415.05,63470
2019-08-21 13:25:00,415,415,414.3,414.4,52374
2019-08-21 13:26:00,414.55,415,414.4,415,66444
2019-08-21 13:27:00,415,415,414.65,415,49875
2019-08-21 13:28:00,415,415.05,414.8,415.05,16120
2019-08-21 13:29:00,415,415.35,415,415.35,21785
2019-08-21 13:30:00,415.35,415.35,414.4,414.4,45212
2019-08-21 13:31:00,414.5,414.85,414.3,414.8,21608
2019-08-21 13:32:00,414.6,414.8,414.4,414.8,18599
2019-08-21 13:33:00,414.75,414.8,414.45,414.6,24954
2019-08-21 13:34:00,414.7,414.85,414.6,414.85,13803
2019-08-21 13:35:00,414.8,414.95,414.65,414.9,13822
2019-08-21 13:36:00,414.95,415.05,414.8,415,18153
2019-08-21 13:37:00,414.95,415.25,414.95,415.2,14312
2019-08-21 13:38:00,415.15,415.45,414.8,415.45,35018
2019-08-21 13:39:00,415.45,415.55,415.35,415.4,17736
2019-08-21 13:40:00,415.4,415.45,414.75,414.85,16699
2019-08-21 13:41:00,414.8,415,414.5,414.55,37877
2019-08-21 13:42:00,414.55,414.6,414,414.1,136860
2019-08-21 13:43:00,414.1,414.25,414.05,414.15,48279
2019-08-21 13:44:00,414.1,414.1,413.9,414.05,35200
2019-08-21 13:45:00,414.05,414.3,413.8,413.8,38819
2019-08-21 13:46:00,413.8,413.9,413.6,413.8,32675
2019-08-21 13:47:00,413.8,414.45,413.8,414.25,20914
2019-08-21 13:48:00,414.25,414.65,414.15,414.5,20473
2019-08-21 13:49:00,414.55,414.6,414.4,414.5,19024
2019-08-21 13:50:00,414.55,414.9,414.5,414.85,42199
2019-08-21 13:51:00,414.85,414.85,414.4,414.4,16747
2019-08-21 13:52:00,414.45,414.5,414.3,414.35,8975
2019-08-21 13:53:00,414.35,414.35,413.85,413.85,30913
2019-08-21 13:54:00,413.75,413.95,413.75,413.95,13320
2019-08-21 13:55:00,413.95,413.95,413.35,413.5,37293
2019-08-21 13:56:00,413.5,413.5,413.35,413.5,18770
2019-08-21 13:57:00,413.5,413.55,413.1,413.5,96296
2019-08-21 13:58:00,413.65,413.65,413.25,413.65,39946
2019-08-21 13:59:00,413.65,413.95,413.65,413.9,23600
2019-08-21 14:00:00,413.9,413.9,413.85,413.85,19464
2019-08-21 14:01:00,413.85,414.05,413.8,413.95,35091
2019-08-21 14:02:00,413.95,414.2,413.55,414.2,41256
2019-08-21 14:03:00,414.15,414.3,414.1,414.3,10864
2019-08-21 14:04:00,414.35,414.6,414.3,414.5,36592
2019-08-21 14:05:00,414.5,414.5,413.9,413.95,13003
2019-08-21 14:06:00,413.95,414,413.75,413.95,15099
2019-08-21 14:07:00,414,414.35,414,414.35,24735
2019-08-21 14:08:00,414.35,414.5,414.25,414.45,20815
2019-08-21 14:09:00,414.4,414.4,414.05,414.2,11712
2019-08-21 14:10:00,414.2,414.4,414.2,414.3,20039
2019-08-21 14:11:00,414.25,414.25,413.7,413.9,55222
2019-08-21 14:12:00,413.9,414.25,413.9,414.25,18172
2019-08-21 14:13:00,414.25,414.3,414,414,8215
2019-08-21 14:14:00,414.05,414.2,413.8,414,12458
2019-08-21 14:15:00,414,414.15,413.95,414,12323
2019-08-21 14:16:00,414.1,414.1,413.85,413.85,9883
2019-08-21 14:17:00,413.9,413.9,413.65,413.75,21435
2019-08-21 14:18:00,413.8,414.15,413.8,414.1,25616
2019-08-21 14:19:00,414.1,414.15,414.05,414.15,4805
2019-08-21 14:20:00,414.15,414.5,414.1,414.45,39177
2019-08-21 14:21:00,414.45,414.5,414.2,414.45,17548
2019-08-21 14:22:00,414.5,414.5,414.15,414.35,18623
2019-08-21 14:23:00,414.3,414.35,414.2,414.25,11333
2019-08-21 14:24:00,414.25,414.35,414.25,414.25,10336
2019-08-21 14:25:00,414.25,414.55,414.2,414.55,24227
2019-08-21 14:26:00,414.55,415.45,414.55,415.3,62216
2019-08-21 14:27:00,415.3,415.3,414.95,414.95,16924
2019-08-21 14:28:00,414.95,414.95,414.65,414.7,7239
2019-08-21 14:29:00,414.7,414.75,414.4,414.4,10501
2019-08-21 14:30:00,414.35,414.35,413.85,413.9,39252
2019-08-21 14:31:00,413.95,414,413.4,413.55,62803
2019-08-21 14:32:00,413.5,413.85,413.1,413.55,75591
2019-08-21 14:33:00,413.55,414,413.4,413.85,17161
2019-08-21 14:34:00,413.85,414,413.8,414,13168
2019-08-21 14:35:00,413.9,413.95,413.4,413.8,34423
2019-08-21 14:36:00,413.65,413.9,413.5,413.6,21683
2019-08-21 14:37:00,413.55,413.6,413.05,413.15,20374
2019-08-21 14:38:00,413.2,413.7,413.15,413.4,19740
2019-08-21 14:39:00,413.6,413.7,413.35,413.35,16592
2019-08-21 14:40:00,413.35,413.55,413.1,413.2,13444
2019-08-21 14:41:00,413.15,413.2,413.1,413.2,15502
2019-08-21 14:42:00,413.2,413.2,413,413.15,26796
2019-08-21 14:43:00,413.1,413.35,413.1,413.1,24891
2019-08-21 14:44:00,413.1,413.1,412.7,412.9,44012
2019-08-21 14:45:00,412.85,413.35,412.85,413.1,27157
2019-08-21 14:46:00,413.05,413.15,412.85,412.9,12438
2019-08-21 14:47:00,412.85,412.9,412.35,412.4,59399
2019-08-21 14:48:00,412.55,412.9,412.4,412.9,20606
2019-08-21 14:49:00,412.85,412.95,412.6,412.75,20915
2019-08-21 14:50:00,412.85,413,412.65,412.65,33553
2019-08-21 14:51:00,412.75,413,412.75,412.9,43941
2019-08-21 14:52:00,412.95,413.2,412.9,413.1,33974
2019-08-21 14:53:00,413,413.1,412.7,412.75,46510
2019-08-21 14:54:00,412.7,412.75,412.3,412.5,75652
2019-08-21 14:55:00,412.55,412.8,412.5,412.7,40944
2019-08-21 14:56:00,412.3,412.55,411.45,411.45,92802
2019-08-21 14:57:00,411.7,411.85,411.55,411.7,67030
2019-08-21 14:58:00,411.85,411.85,411.3,411.45,45372
2019-08-21 14:59:00,411.4,411.5,410.6,410.6,91283
2019-08-21 15:00:00,410.75,412.85,410.7,412.45,86080
2019-08-21 15:01:00,412.5,412.6,412.05,412.05,58104
2019-08-21 15:02:00,412.1,412.45,412.05,412.35,44837
2019-08-21 15:03:00,412.3,412.9,412.05,412.85,57939
2019-08-21 15:04:00,412.8,412.85,412.25,412.3,26787
2019-08-21 15:05:00,412.4,412.8,412.25,412.75,50460
2019-08-21 15:06:00,412.75,412.8,412.5,412.75,39964
2019-08-21 15:07:00,412.8,412.9,412.4,412.65,36732
2019-08-21 15:08:00,412.65,412.65,412.4,412.45,21671
2019-08-21 15:09:00,412.45,412.45,411.7,411.9,46507
2019-08-21 15:10:00,411.85,411.9,411.6,411.7,50018
2019-08-21 15:11:00,411.7,411.7,411.3,411.35,88970
2019-08-21 15:12:00,411.35,411.45,411.2,411.35,71510
2019-08-21 15:13:00,411.4,411.8,411.2,411.8,137504
2019-08-21 15:14:00,411.8,412,411.8,412,92766
2019-08-21 15:15:00,411.9,412,411.85,411.9,134611
2019-08-21 15:16:00,411.8,412.05,411.8,412,98653
2019-08-21 15:17:00,412.05,412.1,411.8,411.9,82587
2019-08-21 15:18:00,411.9,412,411.8,411.9,68344
2019-08-21 15:19:00,411.85,412.05,411.8,412,75013
2019-08-21 15:20:00,412,412.05,411.8,411.9,70378
2019-08-21 15:21:00,411.8,412.6,411.8,412.5,154188
2019-08-21 15:22:00,412.5,412.55,412.5,412.55,90580
2019-08-21 15:23:00,412.5,412.8,411.95,411.95,136618
2019-08-21 15:24:00,412.05,412.35,411.95,412.3,75106
2019-08-21 15:25:00,412.3,412.35,412.1,412.3,69399
2019-08-21 15:26:00,412.3,412.8,412.3,412.6,107505
2019-08-21 15:27:00,412.6,412.6,412.1,412.45,77633
2019-08-21 15:28:00,412.4,412.65,412.4,412.5,47058
2019-08-21 15:29:00,412.75,413,411.45,411.65,142458
2019-08-22 09:15:00,411,411,409.25,409.5,87868
2019-08-22 09:16:00,409.3,410.55,409.15,410.2,81606
2019-08-22 09:17:00,410.2,410.8,410,410.55,48446
2019-08-22 09:18:00,410.6,410.65,410.05,410.35,52527
2019-08-22 09:19:00,410.4,410.75,410.1,410.3,36551
2019-08-22 09:20:00,410.4,410.7,409.9,410.15,47073
2019-08-22 09:21:00,410.25,410.7,410.15,410.7,22842
2019-08-22 09:22:00,410.6,411.3,410.5,411.1,48983
2019-08-22 09:23:00,411.1,411.3,410.5,410.5,36947
2019-08-22 09:24:00,410.5,410.95,410.3,410.3,9865
2019-08-22 09:25:00,410.4,410.95,410.35,410.7,16890
2019-08-22 09:26:00,410.7,411.1,410.5,410.85,18903
2019-08-22 09:27:00,410.8,410.85,410.5,410.65,8036
2019-08-22 09:28:00,410.6,410.7,410.5,410.6,11345
2019-08-22 09:29:00,410.6,411,410.4,410.8,23643
2019-08-22 09:30:00,410.8,410.8,410.1,410.25,25260
2019-08-22 09:31:00,410.25,410.35,409.75,410.05,29284
2019-08-22 09:32:00,410.05,410.5,409.9,410.2,16349
2019-08-22 09:33:00,410.2,410.7,410,410.45,30736
2019-08-22 09:34:00,410.55,411.7,410.55,411,65668
2019-08-22 09:35:00,411.2,411.3,411,411.05,14204
2019-08-22 09:36:00,411.1,411.15,410.8,410.95,11073
2019-08-22 09:37:00,410.95,411.05,410.75,410.95,25129
2019-08-22 09:38:00,410.8,411.5,410.8,411.35,28307
2019-08-22 09:39:00,411.2,411.3,410.8,410.9,10357
2019-08-22 09:40:00,410.85,411.2,410.75,411.05,18172
2019-08-22 09:41:00,411.05,411.55,411,411.55,27976
2019-08-22 09:42:00,411.5,412.3,411.5,412.3,55621
2019-08-22 09:43:00,412.3,412.45,412.1,412.4,24352
2019-08-22 09:44:00,412.45,412.5,412,412,107843
2019-08-22 09:45:00,412.05,412.05,411.25,411.25,33318
2019-08-22 09:46:00,411.25,411.25,410.7,410.9,72723
2019-08-22 09:47:00,410.8,410.95,410.7,410.85,12637
2019-08-22 09:48:00,410.9,411,410.75,410.95,12782
2019-08-22 09:49:00,410.9,411,410.7,410.95,57049
2019-08-22 09:50:00,410.95,411,410.5,410.5,20647
2019-08-22 09:51:00,410.3,410.5,410.25,410.3,17885
2019-08-22 09:52:00,410.35,410.75,410.25,410.45,12076
2019-08-22 09:53:00,410.55,410.65,410.3,410.65,6472
2019-08-22 09:54:00,410.65,410.65,410.1,410.15,13925
2019-08-22 09:55:00,410.1,410.35,410.1,410.3,11021
2019-08-22 09:56:00,410.2,410.35,410.1,410.25,6542
2019-08-22 09:57:00,410.25,410.45,409.8,409.8,53878
2019-08-22 09:58:00,409.75,410,409.35,409.45,40043
2019-08-22 09:59:00,409.35,409.5,409.2,409.45,54187
2019-08-22 10:00:00,409.45,409.45,408.7,409.2,145079
2019-08-22 10:01:00,409,409.25,408.7,408.75,48400
2019-08-22 10:02:00,408.7,408.75,408.35,408.55,167570
2019-08-22 10:03:00,408.55,408.8,408.3,408.8,32385
2019-08-22 10:04:00,408.75,409.35,408.7,409.15,41196
2019-08-22 10:05:00,409.25,410.2,409.05,410,110656
2019-08-22 10:06:00,410.05,410.05,410,410.05,32997
2019-08-22 10:07:00,410,410.1,410,410.05,15837
2019-08-22 10:08:00,410,410.15,410,410.1,17158
2019-08-22 10:09:00,410.1,410.15,410,410,13671
2019-08-22 10:10:00,410,410.2,410,410.05,51012
2019-08-22 10:11:00,410,410.1,409.95,410,13543
2019-08-22 10:12:00,410,410.05,410,410,8711
2019-08-22 10:13:00,410.05,410.05,410,410,17425
2019-08-22 10:14:00,410,410.15,410,410.05,20374
2019-08-22 10:15:00,410.05,410.2,410.05,410.15,17143
2019-08-22 10:16:00,410.1,410.6,410.1,410.6,27647
2019-08-22 10:17:00,410.5,410.55,410.45,410.55,15085
2019-08-22 10:18:00,410.5,410.55,410,410.25,23769
2019-08-22 10:19:00,410.15,410.4,410,410.1,12351
2019-08-22 10:20:00,410.1,410.2,410,410.1,10757
2019-08-22 10:21:00,410.1,410.1,410,410,36280
2019-08-22 10:22:00,410.05,410.15,410,410,11851
2019-08-22 10:23:00,410,410.05,410,410,35165
2019-08-22 10:24:00,410,410.05,410,410,47901
2019-08-22 10:25:00,410,410.05,410,410.05,12051
2019-08-22 10:26:00,410,410.15,409.55,409.55,51751
2019-08-22 10:27:00,409.45,409.8,409.45,409.5,25045
2019-08-22 10:28:00,409.5,409.5,408.85,408.9,42893
2019-08-22 10:29:00,408.9,409,408.55,408.85,69405
2019-08-22 10:30:00,408.85,408.85,408.6,408.8,41752
2019-08-22 10:31:00,408.7,409,408.7,408.9,16339
2019-08-22 10:32:00,409,409,408.9,408.9,63114
2019-08-22 10:33:00,408.9,409.3,408.9,409.25,70289
2019-08-22 10:34:00,409.25,409.3,408.7,408.8,35369
2019-08-22 10:35:00,408.8,408.8,407.55,407.65,196863
2019-08-22 10:36:00,407.7,407.7,406.7,407.5,163506
2019-08-22 10:37:00,407.35,407.4,407.2,407.4,29118
2019-08-22 10:38:00,407.35,407.7,406.8,406.85,59043
2019-08-22 10:39:00,407,407.35,406.8,407.05,39725
2019-08-22 10:40:00,407.2,407.2,406.75,406.85,29348
2019-08-22 10:41:00,406.8,406.95,406.5,406.7,30261
2019-08-22 10:42:00,406.7,407.05,406.7,406.9,22882
2019-08-22 10:43:00,406.95,406.95,406.7,406.8,10288
2019-08-22 10:44:00,407,407.8,406.85,407.65,36174
2019-08-22 10:45:00,407.65,407.8,407.45,407.6,33818
2019-08-22 10:46:00,407.65,407.75,407.35,407.5,34967
2019-08-22 10:47:00,407.65,408,407.45,407.9,33449
2019-08-22 10:48:00,407.9,408.25,407.9,408.05,30645
2019-08-22 10:49:00,408.05,408.15,407.95,408,26652
2019-08-22 10:50:00,407.95,408,407.7,407.8,14184
2019-08-22 10:51:00,407.85,408.25,407.8,408.1,26158
2019-08-22 10:52:00,408.2,408.35,407.8,407.8,38520
2019-08-22 10:53:00,407.8,407.9,407.75,407.85,16104
2019-08-22 10:54:00,407.85,407.85,407.8,407.8,13622
2019-08-22 10:55:00,407.8,407.95,407.55,407.55,22622
2019-08-22 10:56:00,407.5,407.65,407.4,407.5,21024
2019-08-22 10:57:00,407.4,407.4,407.1,407.2,16802
2019-08-22 10:58:00,407.2,407.4,407.15,407.2,12423
2019-08-22 10:59:00,407.2,407.4,407.2,407.25,9722
2019-08-22 11:00:00,407.25,407.3,406.55,406.55,84755
2019-08-22 11:01:00,406.6,406.8,406.2,406.2,53516
2019-08-22 11:02:00,406.25,406.5,406.2,406.3,27649
2019-08-22 11:03:00,406.4,406.5,406.3,406.3,22954
2019-08-22 11:04:00,406.35,406.4,406.25,406.4,14397
2019-08-22 11:05:00,406.25,406.45,406.15,406.25,33092
2019-08-22 11:06:00,406.2,406.5,405.95,406,79637
2019-08-22 11:07:00,406.1,406.5,406,406.35,24290
2019-08-22 11:08:00,406.35,406.5,406.3,406.5,14448
2019-08-22 11:09:00,406.5,406.75,406.45,406.7,19888
2019-08-22 11:10:00,406.6,406.9,406.6,406.8,20573
2019-08-22 11:11:00,406.8,406.85,406.65,406.75,11980
2019-08-22 11:12:00,406.6,406.8,406.55,406.55,15389
2019-08-22 11:13:00,406.55,406.6,406.5,406.55,13623
2019-08-22 11:14:00,406.55,406.75,406.5,406.75,14836
2019-08-22 11:15:00,406.7,407.3,406.7,407.05,48608
2019-08-22 11:16:00,407,407,406.75,406.75,25004
2019-08-22 11:17:00,406.8,406.95,406.75,406.9,28983
2019-08-22 11:18:00,406.9,407.15,406.8,407,28332
2019-08-22 11:19:00,407,407,406.4,406.4,29799
2019-08-22 11:20:00,406.5,406.6,406.1,406.4,40340
2019-08-22 11:21:00,406.4,406.6,406.25,406.5,55638
2019-08-22 11:22:00,406.5,406.5,406.25,406.4,24113
2019-08-22 11:23:00,406.4,406.45,406.2,406.25,23975
2019-08-22 11:24:00,406.3,406.55,406.25,406.5,30609
2019-08-22 11:25:00,406.5,406.55,406.45,406.5,31377
2019-08-22 11:26:00,406.7,406.85,406.5,406.5,52493
2019-08-22 11:27:00,406.5,406.65,406.45,406.5,34314
2019-08-22 11:28:00,406.5,406.55,406.25,406.35,30651
2019-08-22 11:29:00,406.25,406.35,405.75,405.8,49282
2019-08-22 11:30:00,405.85,405.9,405.6,405.65,54918
2019-08-22 11:31:00,405.65,405.95,405.5,405.8,30399
2019-08-22 11:32:00,405.75,405.95,405.65,405.7,23435
2019-08-22 11:33:00,405.65,405.85,405.55,405.8,26779
2019-08-22 11:34:00,405.85,406.1,405.7,405.9,50647
2019-08-22 11:35:00,405.85,406.45,405.85,405.95,28133
2019-08-22 11:36:00,405.95,406.15,405.85,406,33112
2019-08-22 11:37:00,406.05,406.4,406,406.3,30437
2019-08-22 11:38:00,406.2,406.35,406.2,406.25,26509
2019-08-22 11:39:00,406.15,406.35,406.05,406.05,30177
2019-08-22 11:40:00,406.15,406.25,406,406.1,32524
2019-08-22 11:41:00,406.1,406.6,406.1,406.6,67682
2019-08-22 11:42:00,406.5,406.85,406.5,406.65,51914
2019-08-22 11:43:00,406.65,406.85,406.15,406.35,69180
2019-08-22 11:44:00,406.35,406.45,406.1,406.4,40038
2019-08-22 11:45:00,406.45,406.55,406.35,406.55,11320
2019-08-22 11:46:00,406.45,407.25,406.45,407,54322
2019-08-22 11:47:00,407,407.05,406.45,406.45,21648
2019-08-22 11:48:00,406.4,406.6,406.3,406.4,23730
2019-08-22 11:49:00,406.4,406.5,406.2,406.25,17888
2019-08-22 11:50:00,406.3,406.3,406.15,406.2,15734
2019-08-22 11:51:00,406.2,406.35,406.1,406.1,15091
2019-08-22 11:52:00,406.15,406.3,406.1,406.2,12557
2019-08-22 11:53:00,406.15,406.35,406.15,406.35,15288
2019-08-22 11:54:00,406.35,406.4,406.25,406.35,8482
2019-08-22 11:55:00,406.3,406.45,406.25,406.35,13352
2019-08-22 11:56:00,406.3,406.5,406.25,406.5,13959
2019-08-22 11:57:00,406.5,406.5,406.05,406.05,17050
2019-08-22 11:58:00,406,406.1,405.9,406,35187
2019-08-22 11:59:00,405.95,406,405.95,405.95,12669
2019-08-22 12:00:00,405.95,406,405.95,405.95,28011
2019-08-22 12:01:00,406,406.1,405.9,405.9,16905
2019-08-22 12:02:00,405.9,406.3,405.9,406.15,9102
2019-08-22 12:03:00,406.1,406.5,406,406.5,8944
2019-08-22 12:04:00,406.4,406.5,406.3,406.45,8690
2019-08-22 12:05:00,406.4,406.65,406.4,406.45,7375
2019-08-22 12:06:00,406.45,406.95,406.45,406.85,39105
2019-08-22 12:07:00,407,407.15,406.85,407,27729
2019-08-22 12:08:00,406.85,407,406.7,406.7,11048
2019-08-22 12:09:00,406.65,406.9,406.45,406.7,11175
2019-08-22 12:10:00,406.7,406.9,406.55,406.65,6571
2019-08-22 12:11:00,406.75,407.3,406.75,407.2,16026
2019-08-22 12:12:00,407.25,407.35,407.05,407.05,16374
2019-08-22 12:13:00,407.15,407.45,407.05,407.15,23331
2019-08-22 12:14:00,407.25,407.3,406.7,406.8,100536
2019-08-22 12:15:00,406.85,407,406.8,406.9,63886
2019-08-22 12:16:00,406.8,406.8,406.65,406.7,10204
2019-08-22 12:17:00,406.7,406.75,406,406.2,48810
2019-08-22 12:18:00,406.1,406.2,406.05,406.1,14286
2019-08-22 12:19:00,406.2,406.25,406.05,406.15,20105
2019-08-22 12:20:00,406.1,406.1,406,406,49903
2019-08-22 12:21:00,406.05,406.1,406,406.05,12202
2019-08-22 12:22:00,406.1,406.15,405.5,405.6,99202
2019-08-22 12:23:00,405.5,405.9,405.4,405.8,59753
2019-08-22 12:24:00,405.85,405.95,405.45,405.6,16415
2019-08-22 12:25:00,405.5,405.7,405.45,405.55,20632
2019-08-22 12:26:00,405.5,406.15,405.5,406.1,20319
2019-08-22 12:27:00,406.1,406.1,405.8,405.85,8600
2019-08-22 12:28:00,405.8,406.05,405.8,405.9,20109
2019-08-22 12:29:00,405.9,406.2,405.9,406,14429
2019-08-22 12:30:00,406,406.1,406,406.05,6806
2019-08-22 12:31:00,406,406.1,405.6,405.7,94872
2019-08-22 12:32:00,405.75,405.75,405.65,405.7,97507
2019-08-22 12:33:00,405.65,405.65,405.25,405.35,42491
2019-08-22 12:34:00,405.35,405.35,404.75,404.75,130634
2019-08-22 12:35:00,404.7,405.2,404.35,404.95,56318
2019-08-22 12:36:00,404.8,405.2,404.65,405.05,24249
2019-08-22 12:37:00,405.05,405.3,405,405.3,19200
2019-08-22 12:38:00,405.25,405.25,404.9,405.1,42728
2019-08-22 12:39:00,405.1,405.25,405.05,405.05,36467
2019-08-22 12:40:00,405.05,405.2,405,405.05,17648
2019-08-22 12:41:00,405,405.3,404.9,405.2,32836
2019-08-22 12:42:00,405.2,405.2,404.75,404.9,42743
2019-08-22 12:43:00,404.85,404.9,404.75,404.85,20471
2019-08-22 12:44:00,404.85,404.85,403.6,403.7,206347
2019-08-22 12:45:00,403.5,404.4,403.5,404.2,93110
2019-08-22 12:46:00,404.15,404.2,403.85,403.9,61992
2019-08-22 12:47:00,403.95,404.9,403.8,404.9,58821
2019-08-22 12:48:00,404.75,404.95,404.7,404.9,19405
2019-08-22 12:49:00,404.9,405.45,404.75,405.35,37232
2019-08-22 12:50:00,405.35,405.45,405.25,405.4,58613
2019-08-22 12:51:00,405.4,405.9,405.4,405.8,107488
2019-08-22 12:52:00,405.85,405.95,405.75,405.8,29036
2019-08-22 12:53:00,405.9,405.9,405.4,405.5,75821
2019-08-22 12:54:00,405.5,405.65,405.25,405.4,42497
2019-08-22 12:55:00,405.45,405.8,405.3,405.75,61086
2019-08-22 12:56:00,405.65,405.9,405.65,405.85,20286
2019-08-22 12:57:00,405.85,405.9,405.5,405.7,14054
2019-08-22 12:58:00,405.7,405.75,405.5,405.6,23783
2019-08-22 12:59:00,405.45,406.2,405.45,406.2,72949
2019-08-22 13:00:00,406,406.1,405.8,405.8,52923
2019-08-22 13:01:00,405.75,406.25,405.7,405.85,56171
2019-08-22 13:02:00,405.9,406,405.6,405.6,26210
2019-08-22 13:03:00,405.6,405.65,405.4,405.4,33386
2019-08-22 13:04:00,405.35,405.85,405.35,405.85,27153
2019-08-22 13:05:00,405.75,405.75,405.1,405.2,44222
2019-08-22 13:06:00,405.25,405.35,405.15,405.3,29558
2019-08-22 13:07:00,405.3,405.5,405.15,405.35,42300
2019-08-22 13:08:00,405.25,405.4,405.15,405.4,22561
2019-08-22 13:09:00,405.25,405.85,405.2,405.55,47054
2019-08-22 13:10:00,405.45,405.55,405.1,405.1,33830
2019-08-22 13:11:00,405.2,405.35,404.6,404.6,72427
2019-08-22 13:12:00,404.6,404.65,404.3,404.55,63083
2019-08-22 13:13:00,404.5,404.8,404.5,404.6,25176
2019-08-22 13:14:00,404.55,405.1,404.35,404.85,36829
2019-08-22 13:15:00,404.85,404.9,404.5,404.55,18614
2019-08-22 13:16:00,404.55,404.85,404.4,404.6,28192
2019-08-22 13:17:00,404.5,404.6,404.15,404.15,37731
2019-08-22 13:18:00,404.2,404.4,404.15,404.35,27158
2019-08-22 13:19:00,404.3,404.4,404.15,404.4,28209
2019-08-22 13:20:00,404.2,404.35,404,404.1,23262
2019-08-22 13:21:00,404,404.15,403.85,404.15,49960
2019-08-22 13:22:00,404.15,404.4,404.05,404.4,33951
2019-08-22 13:23:00,404.4,404.7,404.25,404.35,41024
2019-08-22 13:24:00,404.35,404.7,404.15,404.4,25566
2019-08-22 13:25:00,404.4,404.65,404.3,404.3,30785
2019-08-22 13:26:00,404.4,404.45,404.3,404.4,23817
2019-08-22 13:27:00,404.4,404.8,404.3,404.7,34883
2019-08-22 13:28:00,404.7,404.7,404.5,404.7,27047
2019-08-22 13:29:00,404.65,405.05,404.5,404.85,37830
2019-08-22 13:30:00,404.9,405.1,404.8,404.9,38811
2019-08-22 13:31:00,405,405,404.8,404.85,34591
2019-08-22 13:32:00,404.85,404.9,404.8,404.8,29797
2019-08-22 13:33:00,404.8,404.95,404.55,404.9,41207
2019-08-22 13:34:00,404.85,405.05,404.55,405.05,65289
2019-08-22 13:35:00,405,405.45,405,405.05,59566
2019-08-22 13:36:00,405,405.05,404.55,404.9,65012
2019-08-22 13:37:00,404.95,404.95,404.3,404.5,47153
2019-08-22 13:38:00,404.4,404.7,404.25,404.6,53804
2019-08-22 13:39:00,404.6,404.6,404.05,404.15,42953
2019-08-22 13:40:00,404.15,404.65,404.05,404.5,37149
2019-08-22 13:41:00,404.3,404.65,404.3,404.6,38312
2019-08-22 13:42:00,404.4,404.55,404.1,404.25,25950
2019-08-22 13:43:00,404.1,404.2,403.9,404.1,37118
2019-08-22 13:44:00,404.15,404.25,403.95,404.2,35714
2019-08-22 13:45:00,404.1,404.55,404.05,404.45,37978
2019-08-22 13:46:00,404.45,404.6,404.1,404.35,37639
2019-08-22 13:47:00,404.2,404.3,403.5,403.5,54444
2019-08-22 13:48:00,403.4,403.95,403.4,403.95,93972
2019-08-22 13:49:00,403.95,404,403.65,403.8,31190
2019-08-22 13:50:00,403.65,403.8,403.05,403.15,110259
2019-08-22 13:51:00,403.15,403.4,403.05,403.1,41496
2019-08-22 13:52:00,403.1,403.4,403.1,403.4,48540
2019-08-22 13:53:00,403.25,403.6,403.15,403.5,29313
2019-08-22 13:54:00,403.6,403.85,403.3,403.75,43606
2019-08-22 13:55:00,403.7,403.9,403.5,403.7,34804
2019-08-22 13:56:00,403.7,403.7,403.2,403.25,31249
2019-08-22 13:57:00,403.3,403.4,402.8,402.8,84950
2019-08-22 13:58:00,402.75,403.05,402.75,402.95,33124
2019-08-22 13:59:00,402.95,403,402.65,402.75,66478
2019-08-22 14:00:00,402.7,402.8,402.35,402.8,55181
2019-08-22 14:01:00,402.8,402.8,402.4,402.4,53381
2019-08-22 14:02:00,402.4,402.55,401.8,402,107100
2019-08-22 14:03:00,401.95,402.15,401.2,401.2,110027
2019-08-22 14:04:00,401.05,401.3,400.25,401.25,126822
2019-08-22 14:05:00,401.35,401.35,400.4,400.95,92898
2019-08-22 14:06:00,401,401,400,400.05,219739
2019-08-22 14:07:00,400.05,400.45,399.75,400.45,101844
2019-08-22 14:08:00,400.25,400.6,400.1,400.6,25684
2019-08-22 14:09:00,400.6,401,400.6,401,33351
2019-08-22 14:10:00,400.9,401.35,400.9,401.1,43192
2019-08-22 14:11:00,401.35,402.05,401.2,401.95,53137
2019-08-22 14:12:00,401.8,402,401.6,401.9,63797
2019-08-22 14:13:00,401.85,402,401.8,401.85,26932
2019-08-22 14:14:00,401.8,402.2,401.55,402.2,53579
2019-08-22 14:15:00,402.15,402.2,401.85,401.9,29060
2019-08-22 14:16:00,401.9,402.1,401.85,402,26346
2019-08-22 14:17:00,402,402.75,402,402.75,45436
2019-08-22 14:18:00,402.6,403,402.3,403,44117
2019-08-22 14:19:00,402.9,403.15,402.6,402.6,35432
2019-08-22 14:20:00,402.8,402.95,402.15,402.35,43493
2019-08-22 14:21:00,402.35,402.55,402,402.1,37717
2019-08-22 14:22:00,402.1,402.5,402,402.35,37817
2019-08-22 14:23:00,402.35,402.35,402,402.3,65646
2019-08-22 14:24:00,402.3,402.4,402.25,402.4,18025
2019-08-22 14:25:00,402.3,402.65,402.25,402.55,23268
2019-08-22 14:26:00,402.55,403.05,402.5,403.05,25304
2019-08-22 14:27:00,403,403.05,402.25,402.3,28069
2019-08-22 14:28:00,402.25,402.3,402,402,52439
2019-08-22 14:29:00,402,402.7,402,402.65,31306
2019-08-22 14:30:00,402.6,402.6,401.9,401.95,21300
2019-08-22 14:31:00,402.05,402.05,401.3,401.3,26962
2019-08-22 14:32:00,401.2,401.9,401.1,401.7,28288
2019-08-22 14:33:00,401.7,401.7,401.35,401.55,14944
2019-08-22 14:34:00,401.5,401.6,401.35,401.4,23628
2019-08-22 14:35:00,401.4,401.8,401.4,401.7,27800
2019-08-22 14:36:00,401.7,401.7,401.4,401.4,12403
2019-08-22 14:37:00,401.4,401.5,401.2,401.35,29962
2019-08-22 14:38:00,401.5,401.8,401.2,401.55,74441
2019-08-22 14:39:00,401.5,401.55,401.2,401.3,66893
2019-08-22 14:40:00,401.25,401.25,401.05,401.2,21486
2019-08-22 14:41:00,401.15,401.25,401,401.1,65920
2019-08-22 14:42:00,401.2,401.2,400.35,400.65,270627
2019-08-22 14:43:00,400.8,401.2,400.65,401,50490
2019-08-22 14:44:00,400.85,401.3,400.85,401.2,64500
2019-08-22 14:45:00,401.25,401.6,401.2,401.35,46380
2019-08-22 14:46:00,401.2,401.6,401.1,401.1,37931
2019-08-22 14:47:00,401.3,401.6,401.05,401.55,80537
2019-08-22 14:48:00,401.55,401.6,401.2,401.35,41790
2019-08-22 14:49:00,401.35,401.65,401.25,401.35,49153
2019-08-22 14:50:00,401.5,401.65,401.3,401.45,43963
2019-08-22 14:51:00,401.3,401.45,400.8,401,59369
2019-08-22 14:52:00,401.05,401.95,401.05,401.9,59433
2019-08-22 14:53:00,401.95,402,401.15,401.25,29452
2019-08-22 14:54:00,401.3,401.8,401.25,401.3,98959
2019-08-22 14:55:00,401.15,401.65,400.95,401.35,115982
2019-08-22 14:56:00,401.35,401.6,400.95,401.2,109985
2019-08-22 14:57:00,401.15,401.65,401,401.65,365530
2019-08-22 14:58:00,401.65,401.65,400.95,401,64400
2019-08-22 14:59:00,401,401.2,400.65,401,58218
2019-08-22 15:00:00,400.95,400.95,400,400.25,112252
2019-08-22 15:01:00,400.4,400.4,399.8,400,216788
2019-08-22 15:02:00,399.9,399.95,399,399,179355
2019-08-22 15:03:00,399.15,399.5,399,399.5,110689
2019-08-22 15:04:00,399.55,399.8,399.25,399.75,98335
2019-08-22 15:05:00,399.9,400.3,399.65,399.85,108997
2019-08-22 15:06:00,399.85,400,399.2,399.5,143463
2019-08-22 15:07:00,399.3,399.35,399,399.1,124488
2019-08-22 15:08:00,399.1,399.65,399.05,399.3,94110
2019-08-22 15:09:00,399.3,399.35,399,399.1,94853
2019-08-22 15:10:00,399.1,399.6,399,399,215084
2019-08-22 15:11:00,399.1,399.15,398.9,398.9,84680
2019-08-22 15:12:00,398.9,399.2,398.9,399.05,121564
2019-08-22 15:13:00,399.1,399.25,399,399.1,74884
2019-08-22 15:14:00,399.1,399.3,399,399.25,110264
2019-08-22 15:15:00,399.2,399.45,399.2,399.35,90813
2019-08-22 15:16:00,399.35,399.45,399,399.1,139774
2019-08-22 15:17:00,399.15,399.15,398.8,398.8,159928
2019-08-22 15:18:00,398.75,399.2,398.45,399.15,244808
2019-08-22 15:19:00,399.15,399.35,398.95,398.95,129624
2019-08-22 15:20:00,398.95,398.95,398.7,398.8,117543
2019-08-22 15:21:00,398.8,398.8,398.45,398.5,66989
2019-08-22 15:22:00,398.45,398.6,398.2,398.35,116518
2019-08-22 15:23:00,398.3,398.5,398,398.4,117760
2019-08-22 15:24:00,398.4,398.6,398.2,398.35,105936
2019-08-22 15:25:00,398.35,398.5,398.3,398.4,130348
2019-08-22 15:26:00,398.4,398.65,398.35,398.65,131922
2019-08-22 15:27:00,398.55,398.8,398.45,398.65,53840
2019-08-22 15:28:00,398.65,398.85,398.55,398.75,114516
2019-08-22 15:29:00,398.75,398.8,398.45,398.8,52836
2019-08-23 09:15:00,389,390.4,387.2,389,589076
2019-08-23 09:16:00,389.2,389.2,387.25,387.4,187186
2019-08-23 09:17:00,387.45,388.35,387.45,387.6,233096
2019-08-23 09:18:00,387.85,388.4,387.6,387.75,99231
2019-08-23 09:19:00,387.5,387.6,386.5,386.7,138316
2019-08-23 09:20:00,386.65,387.65,386.45,387.65,178057
2019-08-23 09:21:00,387.55,388.65,387.55,388.6,204529
2019-08-23 09:22:00,388.6,388.65,387.9,388.05,83079
2019-08-23 09:23:00,388.15,388.15,387.75,387.95,86007
2019-08-23 09:24:00,388.1,388.95,388,388.95,197165
2019-08-23 09:25:00,388.95,388.95,387.8,387.8,68293
2019-08-23 09:26:00,387.75,388.85,387.55,388.65,85539
2019-08-23 09:27:00,388.7,388.7,388,388.05,99205
2019-08-23 09:28:00,388.1,388.15,387.65,387.7,111968
2019-08-23 09:29:00,387.8,387.9,387.5,387.55,117164
2019-08-23 09:30:00,387.65,387.65,386.9,387.05,204217
2019-08-23 09:31:00,387.05,387.65,387,387.2,109365
2019-08-23 09:32:00,387.2,387.25,386.05,386.1,216313
2019-08-23 09:33:00,386.2,386.8,385.95,386.8,119838
2019-08-23 09:34:00,386.75,386.8,386.35,386.35,61660
2019-08-23 09:35:00,386.5,387.35,386.3,387.3,80890
2019-08-23 09:36:00,387.3,387.5,387,387,69975
2019-08-23 09:37:00,387.1,387.4,387,387.1,128148
2019-08-23 09:38:00,387.15,387.2,386.4,386.65,79427
2019-08-23 09:39:00,386.65,387.15,386.55,387.15,71906
2019-08-23 09:40:00,387,387.55,387,387.55,69973
2019-08-23 09:41:00,387.55,388.05,387.35,388.05,126116
2019-08-23 09:42:00,388,389.35,387.95,388.05,335167
2019-08-23 09:43:00,388,388.45,387.5,388.35,168884
2019-08-23 09:44:00,388.4,388.65,388.25,388.55,82127
2019-08-23 09:45:00,388.7,389.3,388.4,389.3,116294
2019-08-23 09:46:00,389.3,390.15,389,389.25,400461
2019-08-23 09:47:00,389.05,389.2,388.45,388.45,102372
2019-08-23 09:48:00,388.45,388.8,388.3,388.8,57684
2019-08-23 09:49:00,388.8,389.7,388.8,389.4,66981
2019-08-23 09:50:00,389.55,391.1,389.45,391,195045
2019-08-23 09:51:00,390.9,390.9,389.35,389.45,83354
2019-08-23 09:52:00,389.6,390.8,389.6,390.7,114541
2019-08-23 09:53:00,390.85,391.5,390.65,391.25,121627
2019-08-23 09:54:00,391.2,391.7,391,391.15,186999
2019-08-23 09:55:00,391.05,391.75,390.35,390.4,215225
2019-08-23 09:56:00,390.4,390.6,389.8,389.9,95348
2019-08-23 09:57:00,389.75,390.9,389.75,390.05,81987
2019-08-23 09:58:00,390.3,390.3,389.8,389.85,75567
2019-08-23 09:59:00,389.8,390,389.6,390,93952
2019-08-23 10:00:00,389.95,390.3,389.85,390,136721
2019-08-23 10:01:00,390.05,390.9,390.05,390.4,70653
2019-08-23 10:02:00,390.35,391.15,390.35,390.8,50817
2019-08-23 10:03:00,390.8,391.45,390.4,391.35,55810
2019-08-23 10:04:00,391.4,391.65,390.5,390.5,220112
2019-08-23 10:05:00,390.45,390.55,390.2,390.5,48652
2019-08-23 10:06:00,390.5,391,390.3,390.8,57834
2019-08-23 10:07:00,390.8,391.2,390.75,391.2,54615
2019-08-23 10:08:00,391.2,391.2,390.8,390.95,52882
2019-08-23 10:09:00,390.9,392.45,390.85,392.45,157539
2019-08-23 10:10:00,392.55,392.65,392.05,392.15,153082
2019-08-23 10:11:00,392.15,392.3,392.1,392.25,59784
2019-08-23 10:12:00,392.25,393.45,392.25,393.45,245396
2019-08-23 10:13:00,393.45,394.35,393.45,394.05,362882
2019-08-23 10:14:00,394.1,394.1,392.5,392.7,218785
2019-08-23 10:15:00,392.7,392.8,392.5,392.6,97128
2019-08-23 10:16:00,392.6,393.15,392.5,393.15,203649
2019-08-23 10:17:00,393.25,395.15,393.25,395.05,307317
2019-08-23 10:18:00,395.05,395.05,392.5,392.7,172026
2019-08-23 10:19:00,392.7,392.9,392.3,392.3,102612
2019-08-23 10:20:00,392.4,392.65,392.25,392.35,67686
2019-08-23 10:21:00,392.4,392.45,391.65,391.65,82551
2019-08-23 10:22:00,391.7,392.15,391.7,391.95,101985
2019-08-23 10:23:00,391.95,391.95,391.2,391.2,49860
2019-08-23 10:24:00,391.2,391.7,390.9,391.55,84663
2019-08-23 10:25:00,391.55,392,391.55,391.95,30385
2019-08-23 10:26:00,391.95,392,391.7,391.75,86852
2019-08-23 10:27:00,391.8,393.15,391.65,393.15,175459
2019-08-23 10:28:00,393.25,393.6,392.9,392.95,100066
2019-08-23 10:29:00,393.15,394.4,393.15,394.1,265112
2019-08-23 10:30:00,394,394.4,393.75,394.4,105742
2019-08-23 10:31:00,394.35,395.4,394.35,395.2,342147
2019-08-23 10:32:00,395.15,395.45,395.05,395.4,161901
2019-08-23 10:33:00,395.45,396.3,395.45,395.75,198174
2019-08-23 10:34:00,395.7,395.7,395.1,395.25,90667
2019-08-23 10:35:00,395.25,395.6,395.1,395.2,92053
2019-08-23 10:36:00,395.05,395.4,394.6,395.35,89236
2019-08-23 10:37:00,395.3,395.95,395.25,395.9,112135
2019-08-23 10:38:00,395.95,397,395.9,396.65,154317
2019-08-23 10:39:00,396.7,398.25,396.7,397.85,238361
2019-08-23 10:40:00,397.85,398.9,397.5,398.9,178293
2019-08-23 10:41:00,399,399.25,398.25,398.35,138906
2019-08-23 10:42:00,398.35,398.4,397.2,397.6,347413
2019-08-23 10:43:00,397.6,397.6,397.05,397.45,152795
2019-08-23 10:44:00,397.3,397.55,396.55,396.9,117179
2019-08-23 10:45:00,396.9,397.5,396.9,397.45,60616
2019-08-23 10:46:00,397.5,397.55,396.5,397,89456
2019-08-23 10:47:00,397.05,397.4,396.6,396.6,70980
2019-08-23 10:48:00,396.6,396.6,395.6,395.8,72485
2019-08-23 10:49:00,395.8,396.6,395.65,396,82121
2019-08-23 10:50:00,396.05,396.25,395.7,395.9,48422
2019-08-23 10:51:00,395.9,395.9,395.1,395.4,82468
2019-08-23 10:52:00,395.3,395.8,395.05,395.55,63684
2019-08-23 10:53:00,395.7,395.7,395.25,395.3,47114
2019-08-23 10:54:00,395.3,395.5,395.25,395.35,37036
2019-08-23 10:55:00,395.35,395.45,395,395.4,103219
2019-08-23 10:56:00,395.4,395.5,395.05,395.2,71727
2019-08-23 10:57:00,395.1,395.8,395,395.15,80698
2019-08-23 10:58:00,395.2,395.2,394.7,395.1,94900
2019-08-23 10:59:00,395,395.25,394.95,395,36030
2019-08-23 11:00:00,395.1,396.15,395.1,396.1,49253
2019-08-23 11:01:00,396.1,396.6,396,396.45,117296
2019-08-23 11:02:00,396.6,396.6,396,396.05,36385
2019-08-23 11:03:00,396.05,396.05,395.55,395.9,46544
2019-08-23 11:04:00,395.95,395.95,395,395.15,32661
2019-08-23 11:05:00,395.2,395.75,395.2,395.75,40787
2019-08-23 11:06:00,395.6,395.65,395.05,395.15,39050
2019-08-23 11:07:00,395.15,395.15,394.85,394.85,75059
2019-08-23 11:08:00,394.9,395.2,394.3,394.3,82542
2019-08-23 11:09:00,394.25,394.5,394.2,394.3,100326
2019-08-23 11:10:00,394.3,394.4,393.6,394,129235
2019-08-23 11:11:00,394.05,394.2,393.6,394,83524
2019-08-23 11:12:00,394,394.05,393.5,393.7,59463
2019-08-23 11:13:00,393.7,394,393.6,393.7,26802
2019-08-23 11:14:00,393.7,393.75,393.45,393.65,33749
2019-08-23 11:15:00,393.65,394.5,393.5,394.45,44107
2019-08-23 11:16:00,394.35,394.7,394.25,394.7,30105
2019-08-23 11:17:00,394.7,395,394,394.05,41020
2019-08-23 11:18:00,394.05,394.1,393.85,393.85,22303
2019-08-23 11:19:00,393.9,393.9,393.3,393.3,29599
2019-08-23 11:20:00,393.3,393.9,393.3,393.5,18531
2019-08-23 11:21:00,393.55,393.85,393.5,393.6,20244
2019-08-23 11:22:00,393.65,393.8,393.5,393.6,17190
2019-08-23 11:23:00,393.6,393.95,393.5,393.9,14407
2019-08-23 11:24:00,393.9,394.1,393.6,393.95,14749
2019-08-23 11:25:00,394,395,394,394.95,29159
2019-08-23 11:26:00,394.95,394.95,394.5,394.7,22571
2019-08-23 11:27:00,394.55,394.85,394.4,394.4,29416
2019-08-23 11:28:00,394.45,394.65,394.15,394.2,16435
2019-08-23 11:29:00,394.15,394.15,394,394.1,22718
2019-08-23 11:30:00,394.3,395.3,394.3,395.3,39912
2019-08-23 11:31:00,395.35,395.35,395.05,395.2,23101
2019-08-23 11:32:00,395.1,395.3,394.8,394.8,27037
2019-08-23 11:33:00,394.9,394.9,394.5,394.55,18623
2019-08-23 11:34:00,394.55,394.8,394.5,394.5,24026
2019-08-23 11:35:00,394.6,394.75,394.25,394.65,21495
2019-08-23 11:36:00,394.6,394.65,394.35,394.4,15128
2019-08-23 11:37:00,394.45,394.45,393.65,393.75,25917
2019-08-23 11:38:00,393.75,394.05,393.55,393.75,42688
2019-08-23 11:39:00,393.7,393.75,393.4,393.4,19636
2019-08-23 11:40:00,393.45,394.1,393.4,394,31706
2019-08-23 11:41:00,394.2,394.4,394,394.15,15421
2019-08-23 11:42:00,394.1,394.1,393.8,393.8,19275
2019-08-23 11:43:00,393.8,394.05,393.55,393.65,23003
2019-08-23 11:44:00,393.6,394,393.6,393.9,15224
2019-08-23 11:45:00,393.95,394,393.75,393.9,23294
2019-08-23 11:46:00,393.85,394.2,393.85,394.15,13001
2019-08-23 11:47:00,394.1,394.15,393.85,394,18764
2019-08-23 11:48:00,394.05,394.1,393.9,393.95,13410
2019-08-23 11:49:00,394,394.1,394,394,17674
2019-08-23 11:50:00,394,394.05,393.9,394.05,23732
2019-08-23 11:51:00,394.05,394.1,394,394.1,11668
2019-08-23 11:52:00,394.1,394.4,394.05,394.4,12828
2019-08-23 11:53:00,394.35,394.4,394.05,394.05,10551
2019-08-23 11:54:00,394.1,394.1,394,394.05,12172
2019-08-23 11:55:00,394.05,394.05,393.8,393.95,56419
2019-08-23 11:56:00,394,394.1,393.8,393.95,23648
2019-08-23 11:57:00,393.95,393.95,393.8,393.8,15703
2019-08-23 11:58:00,393.85,394.2,393.85,394.1,16192
2019-08-23 11:59:00,394.1,394.15,394,394,9425
2019-08-23 12:00:00,394.05,394.05,393.7,393.7,24976
2019-08-23 12:01:00,393.75,393.9,393.6,393.85,32752
2019-08-23 12:02:00,393.85,394.3,393.8,394.05,19523
2019-08-23 12:03:00,394,394,393.8,393.85,12781
2019-08-23 12:04:00,393.85,393.9,393.5,393.5,32301
2019-08-23 12:05:00,393.5,393.75,393.4,393.65,30254
2019-08-23 12:06:00,393.65,393.65,393.45,393.5,8972
2019-08-23 12:07:00,393.45,393.65,393.4,393.5,17311
2019-08-23 12:08:00,393.55,393.55,393.35,393.45,21858
2019-08-23 12:09:00,393.5,393.95,393.4,393.9,18975
2019-08-23 12:10:00,393.9,393.9,393.8,393.8,13444
2019-08-23 12:11:00,393.85,394.4,393.8,394.15,28440
2019-08-23 12:12:00,394.15,394.15,393.8,393.85,9824
2019-08-23 12:13:00,393.9,394.15,393.8,394.05,12816
2019-08-23 12:14:00,394.1,394.45,394.05,394.35,56598
2019-08-23 12:15:00,394.25,394.45,394.2,394.35,12985
2019-08-23 12:16:00,394.4,394.6,394.35,394.4,13298
2019-08-23 12:17:00,394.45,394.5,394.35,394.5,19175
2019-08-23 12:18:00,394.45,395.3,394.45,394.8,62096
2019-08-23 12:19:00,394.8,394.9,394.4,394.8,21401
2019-08-23 12:20:00,394.8,395,394.8,394.85,14719
2019-08-23 12:21:00,394.85,395.1,394.85,394.9,22898
2019-08-23 12:22:00,394.9,395.1,394.85,395,11308
2019-08-23 12:23:00,395.05,395.05,394.65,394.65,29222
2019-08-23 12:24:00,394.75,394.85,394.55,394.55,13925
2019-08-23 12:25:00,394.6,394.6,394.05,394.25,15992
2019-08-23 12:26:00,394.2,394.35,394,394.05,11713
2019-08-23 12:27:00,394,394.15,394,394.1,15769
2019-08-23 12:28:00,394.2,394.25,394,394.1,10567
2019-08-23 12:29:00,394.1,394.45,394.05,394.45,10498
2019-08-23 12:30:00,394.35,394.95,394.3,394.7,25125
2019-08-23 12:31:00,394.65,394.7,394.35,394.45,9834
2019-08-23 12:32:00,394.45,394.45,393.95,394,33758
2019-08-23 12:33:00,394.05,394.15,394,394.15,11672
2019-08-23 12:34:00,394.1,394.3,394.1,394.1,20708
2019-08-23 12:35:00,394.15,394.15,393.9,394,24597
2019-08-23 12:36:00,394,394,393.8,393.9,17996
2019-08-23 12:37:00,393.95,394.25,393.9,394,18681
2019-08-23 12:38:00,394.1,394.4,394,394.15,16858
2019-08-23 12:39:00,394.15,394.4,394.15,394.25,10423
2019-08-23 12:40:00,394.25,394.35,394.05,394.05,11750
2019-08-23 12:41:00,394.05,394.05,393.9,393.95,26887
2019-08-23 12:42:00,394,394.2,393.95,394,10853
2019-08-23 12:43:00,394,394,393.8,393.85,40173
2019-08-23 12:44:00,393.9,393.95,393.85,393.9,9782
2019-08-23 12:45:00,393.95,394.3,393.8,394.25,35491
2019-08-23 12:46:00,394.25,394.6,394.2,394.3,11779
2019-08-23 12:47:00,394.3,394.3,394.1,394.15,12142
2019-08-23 12:48:00,394.35,394.7,394,394.05,14842
2019-08-23 12:49:00,394.05,394.6,394,394.55,35532
2019-08-23 12:50:00,394.6,395,394.45,394.8,36580
2019-08-23 12:51:00,394.75,394.9,394.25,394.35,15128
2019-08-23 12:52:00,394.5,394.7,394.15,394.15,15815
2019-08-23 12:53:00,394.1,394.55,394.05,394.1,15437
2019-08-23 12:54:00,394.1,394.5,394.05,394.4,13430
2019-08-23 12:55:00,394.45,395.2,394.4,394.8,51045
2019-08-23 12:56:00,394.85,394.9,394.5,394.5,10457
2019-08-23 12:57:00,394.55,394.65,394.5,394.55,10285
2019-08-23 12:58:00,394.6,394.75,394.2,394.2,17695
2019-08-23 12:59:00,394.25,394.45,394.05,394.05,15824
2019-08-23 13:00:00,394.1,394.15,394,394.05,42130
2019-08-23 13:01:00,394.1,394.2,394.05,394.15,15008
2019-08-23 13:02:00,394.2,394.2,394.05,394.1,9048
2019-08-23 13:03:00,394.1,394.55,394,394.35,27202
2019-08-23 13:04:00,394.4,394.55,394.3,394.35,10869
2019-08-23 13:05:00,394.35,394.7,394.3,394.45,11060
2019-08-23 13:06:00,394.55,395,394.5,394.85,23928
2019-08-23 13:07:00,394.9,395.9,394.9,395.45,97340
2019-08-23 13:08:00,395.45,395.5,394.7,394.8,26233
2019-08-23 13:09:00,394.85,395.05,394.8,395.05,14788
2019-08-23 13:10:00,394.95,395.6,394.95,395.25,27850
2019-08-23 13:11:00,395.25,395.55,395.1,395.3,41319
2019-08-23 13:12:00,395.35,397.35,395.3,397.05,138787
2019-08-23 13:13:00,397.15,397.35,396.3,396.3,70473
2019-08-23 13:14:00,396.45,396.85,396.35,396.55,22273
2019-08-23 13:15:00,396.6,397.25,396.55,397,42096
2019-08-23 13:16:00,397,397.5,396.75,397.2,55836
2019-08-23 13:17:00,397.3,397.3,396.35,396.6,31471
2019-08-23 13:18:00,396.55,396.7,396.15,396.15,16951
2019-08-23 13:19:00,396.35,396.75,396.25,396.25,29274
2019-08-23 13:20:00,396.35,396.5,396.15,396.3,28701
2019-08-23 13:21:00,396.35,397.8,396.2,397.8,65183
2019-08-23 13:22:00,397.75,397.8,397.1,397.1,24523
2019-08-23 13:23:00,397.15,397.8,397.15,397.65,33705
2019-08-23 13:24:00,397.65,398.15,397.6,398.05,125334
2019-08-23 13:25:00,398.05,398.05,397.5,397.75,71428
2019-08-23 13:26:00,397.7,397.7,397,397,29649
2019-08-23 13:27:00,397,397.65,396.8,397.5,61703
2019-08-23 13:28:00,397.55,397.9,397.45,397.8,54382
2019-08-23 13:29:00,397.7,398,397.25,397.45,52135
2019-08-23 13:30:00,397.5,398,397.4,398,28879
2019-08-23 13:31:00,397.95,398.1,397.6,397.65,28914
2019-08-23 13:32:00,397.65,397.65,397.2,397.3,23615
2019-08-23 13:33:00,397.3,397.4,396.7,396.8,33372
2019-08-23 13:34:00,396.85,397,396.4,396.85,27221
2019-08-23 13:35:00,396.9,397.1,396.65,397.1,36653
2019-08-23 13:36:00,397.2,397.45,397.1,397.2,16698
2019-08-23 13:37:00,397.2,397.4,397.05,397.25,18696
2019-08-23 13:38:00,397.25,397.4,397,397.35,24847
2019-08-23 13:39:00,397.3,398,397.25,397.95,45420
2019-08-23 13:40:00,398,398.75,397.5,398.75,94310
2019-08-23 13:41:00,398.85,399.85,398.7,399,170428
2019-08-23 13:42:00,399.1,399.25,398.75,399.25,61146
2019-08-23 13:43:00,399.25,399.25,398.65,399.1,45884
2019-08-23 13:44:00,399.15,399.65,399.1,399.65,58489
2019-08-23 13:45:00,399.55,400,399.55,400,120184
2019-08-23 13:46:00,399.95,400.9,399.7,400.8,126629
2019-08-23 13:47:00,400.9,401.55,400.75,401.2,238877
2019-08-23 13:48:00,401.2,401.4,400.65,401,128640
2019-08-23 13:49:00,401.1,402.25,400.85,402.1,293491
2019-08-23 13:50:00,402.1,403.5,401.25,401.25,525875
2019-08-23 13:51:00,401.4,401.65,401.15,401.45,110909
2019-08-23 13:52:00,401.45,401.5,400.6,400.65,86536
2019-08-23 13:53:00,400.7,401.1,400.7,400.95,55767
2019-08-23 13:54:00,400.95,401.25,400.55,400.6,44939
2019-08-23 13:55:00,400.65,400.7,399.8,399.8,102422
2019-08-23 13:56:00,400,400,398.7,398.75,138572
2019-08-23 13:57:00,398.5,398.9,398.5,398.85,75596
2019-08-23 13:58:00,398.75,399.6,398.75,399.4,71589
2019-08-23 13:59:00,399.3,399.5,398.75,399.45,38268
2019-08-23 14:00:00,399.45,400,399.45,400,40329
2019-08-23 14:01:00,399.95,400.8,399.95,400.6,89349
2019-08-23 14:02:00,400.7,400.7,400.25,400.6,167759
2019-08-23 14:03:00,400.5,400.6,400.3,400.45,58379
2019-08-23 14:04:00,400.5,401.1,400.3,401.1,94544
2019-08-23 14:05:00,401.05,401.25,401,401,120088
2019-08-23 14:06:00,401.05,401.4,401,401.15,67117
2019-08-23 14:07:00,401.15,401.2,400.5,400.55,78917
2019-08-23 14:08:00,400.55,400.75,400.5,400.65,31407
2019-08-23 14:09:00,400.65,400.75,400.45,400.6,22873
2019-08-23 14:10:00,400.45,400.9,400.1,400.25,36715
2019-08-23 14:11:00,400.25,400.45,399,399.8,50692
2019-08-23 14:12:00,399.75,399.75,399.5,399.5,27191
2019-08-23 14:13:00,399.5,399.75,399.1,399.2,22952
2019-08-23 14:14:00,399.4,399.5,399.2,399.25,19474
2019-08-23 14:15:00,399.25,399.35,399.15,399.25,24649
2019-08-23 14:16:00,399.2,399.55,399.1,399.1,21626
2019-08-23 14:17:00,399.15,399.3,399,399,39512
2019-08-23 14:18:00,398.9,398.95,397.75,397.75,87422
2019-08-23 14:19:00,397.85,398,397.35,397.45,55570
2019-08-23 14:20:00,397.5,397.7,397,397.1,117054
2019-08-23 14:21:00,397.1,397.2,397,397.05,128245
2019-08-23 14:22:00,397,397.8,397,397.2,88129
2019-08-23 14:23:00,397.15,397.4,397,397.2,82613
2019-08-23 14:24:00,397.2,397.3,397,397.25,34292
2019-08-23 14:25:00,397.25,397.25,397,397.15,20424
2019-08-23 14:26:00,397.1,397.2,397.05,397.1,19496
2019-08-23 14:27:00,397.1,397.2,397,397.05,19930
2019-08-23 14:28:00,397.15,398.3,397.05,398.2,43727
2019-08-23 14:29:00,398.2,398.2,397.3,397.5,33687
2019-08-23 14:30:00,397.5,397.85,397.5,397.7,17111
2019-08-23 14:31:00,397.6,398,397.6,397.95,15682
2019-08-23 14:32:00,397.9,397.95,397.7,397.75,20821
2019-08-23 14:33:00,397.75,398.15,397.7,398,43146
2019-08-23 14:34:00,397.95,398.2,397.55,397.65,34633
2019-08-23 14:35:00,397.7,397.85,397,397.05,27061
2019-08-23 14:36:00,397.05,397.4,397,397.25,26390
2019-08-23 14:37:00,397.2,397.45,397,397.2,32200
2019-08-23 14:38:00,397.05,397.15,397,397.05,42919
2019-08-23 14:39:00,397.05,397.5,397.05,397.5,27415
2019-08-23 14:40:00,397.55,397.55,397.25,397.4,18278
2019-08-23 14:41:00,397.45,397.45,397.1,397.1,17118
2019-08-23 14:42:00,397.1,397.8,397,397.8,41142
2019-08-23 14:43:00,397.7,397.9,397.65,397.8,22041
2019-08-23 14:44:00,397.8,398.1,397.5,397.55,25699
2019-08-23 14:45:00,397.65,397.7,397.5,397.6,17478
2019-08-23 14:46:00,397.65,397.8,397.5,397.5,12229
2019-08-23 14:47:00,397.55,397.55,397.1,397.4,23415
2019-08-23 14:48:00,397.35,397.95,397.35,397.75,14338
2019-08-23 14:49:00,397.7,398.15,397.65,398.05,26351
2019-08-23 14:50:00,398,398.35,397.85,398,51692
2019-08-23 14:51:00,398,398.2,397.8,397.85,58664
2019-08-23 14:52:00,397.6,398.15,397.6,398,82853
2019-08-23 14:53:00,398,398.05,397.1,397.4,105885
2019-08-23 14:54:00,397.2,397.2,395.1,395.3,355721
2019-08-23 14:55:00,395.55,396.8,395.55,396,121181
2019-08-23 14:56:00,396.2,396.55,396,396.2,134170
2019-08-23 14:57:00,396.2,396.85,396.15,396.4,73802
2019-08-23 14:58:00,396.3,396.85,396.2,396.2,39161
2019-08-23 14:59:00,396.25,397,396.05,396.95,106761
2019-08-23 15:00:00,397,397.9,397,397.2,81422
2019-08-23 15:01:00,397.2,397.2,396.5,396.6,65787
2019-08-23 15:02:00,396.65,396.7,396.3,396.35,35431
2019-08-23 15:03:00,396.4,397.2,396.35,397.05,78751
2019-08-23 15:04:00,397,397,396.55,396.65,57045
2019-08-23 15:05:00,396.65,396.85,396.2,396.2,74727
2019-08-23 15:06:00,396.15,396.2,395.65,396,54676
2019-08-23 15:07:00,396.05,396.35,395.5,395.65,46248
2019-08-23 15:08:00,395.65,395.8,395.5,395.6,43661
2019-08-23 15:09:00,395.6,395.7,395.5,395.55,44296
2019-08-23 15:10:00,395.55,396.05,395.5,395.8,89215
2019-08-23 15:11:00,396.05,396.1,395.5,395.5,58800
2019-08-23 15:12:00,395.55,395.95,395.55,395.8,54165
2019-08-23 15:13:00,395.85,396.05,395.6,395.9,85823
2019-08-23 15:14:00,395.9,395.95,395.5,395.5,49747
2019-08-23 15:15:00,395.55,395.65,394.75,394.75,137165
2019-08-23 15:16:00,394.75,394.8,394.15,394.7,132921
2019-08-23 15:17:00,394.65,395.15,394.4,394.8,160282
2019-08-23 15:18:00,394.95,394.95,394.45,394.7,91651
2019-08-23 15:19:00,394.7,394.7,394.2,394.45,76168
2019-08-23 15:20:00,394.5,394.5,394.4,394.4,88083
2019-08-23 15:21:00,394.45,395.05,394.4,395,76772
2019-08-23 15:22:00,395.05,395.3,394.7,394.7,57865
2019-08-23 15:23:00,394.85,395.35,394.75,395,71052
2019-08-23 15:24:00,395.05,395.1,394.95,394.95,28769
2019-08-23 15:25:00,395,395.15,394.7,394.95,62622
2019-08-23 15:26:00,394.85,395.8,394.7,395.6,135111
2019-08-23 15:27:00,395.55,395.55,395,395.3,51266
2019-08-23 15:28:00,395.25,395.55,395.05,395.25,47175
2019-08-23 15:29:00,395.25,396,395.05,395.9,55204
